timestamp;buyer;seller;symbol;currency;price;quantity
3500;Valentina;Vinnie;COCONUT_COUPON;SEASHELLS;677.0;20
3900;Vinnie;Raj;COCONUT;SEASHELLS;10120.0;10
4200;Valentina;Rhianna;COCONUT_COUPON;SEASHELLS;675.0;7
4800;Ruby;Valentina;COCONUT_COUPON;SEASHELLS;679.0;15
5400;Vinnie;Vinnie;COCONUT;SEASHELLS;10120.0;7
7000;Ruby;Valentina;COCONUT_COUPON;SEASHELLS;682.0;15
7600;Valentina;Vinnie;COCONUT_COUPON;SEASHELLS;681.0;13
7800;Valentina;Valentina;COCONUT_COUPON;SEASHELLS;678.0;5
9200;Rhianna;Vinnie;COCONUT;SEASHELLS;10113.0;1
9300;Raj;Vinnie;COCONUT;SEASHELLS;10112.0;10
9400;Valentina;Rhianna;COCONUT_COUPON;SEASHELLS;678.0;14
9800;Vinnie;Raj;COCONUT;SEASHELLS;10108.0;8
10400;Vinnie;Raj;COCONUT;SEASHELLS;10106.0;10
10600;Raj;Vinnie;COCONUT;SEASHELLS;10105.0;10
11200;Vinnie;Vinnie;COCONUT;SEASHELLS;10101.0;8
11700;Vinnie;Vinnie;COCONUT;SEASHELLS;10103.0;7
12500;Valentina;Vinnie;COCONUT_COUPON;SEASHELLS;681.0;18
13400;Raj;Vinnie;COCONUT;SEASHELLS;10100.0;10
15000;Valentina;Vinnie;COCONUT_COUPON;SEASHELLS;684.0;19
15000;Vinnie;Vinnie;COCONUT;SEASHELLS;10104.0;6
15200;Valentina;Valentina;COCONUT_COUPON;SEASHELLS;685.0;9
17300;Valentina;Rhianna;COCONUT_COUPON;SEASHELLS;680.0;9
17900;Valentina;Rhianna;COCONUT_COUPON;SEASHELLS;677.0;14
19400;Valentina;Vinnie;COCONUT_COUPON;SEASHELLS;686.0;17
20300;Vinnie;Rhianna;COCONUT;SEASHELLS;10109.0;2
20400;Valentina;Valentina;COCONUT_COUPON;SEASHELLS;689.0;4
21000;Valentina;Vinnie;COCONUT_COUPON;SEASHELLS;688.0;12
21300;Valentina;Vinnie;COCONUT_COUPON;SEASHELLS;687.0;14
21400;Vladimir;Ruby;COCONUT_COUPON;SEASHELLS;687.0;17
22800;Valentina;Vinnie;COCONUT_COUPON;SEASHELLS;687.0;18
23600;Vinnie;Vinnie;COCONUT;SEASHELLS;10110.0;6
24100;Valentina;Vinnie;COCONUT_COUPON;SEASHELLS;684.0;15
26400;Valentina;Vinnie;COCONUT_COUPON;SEASHELLS;688.0;10
27100;Valentina;Vinnie;COCONUT_COUPON;SEASHELLS;694.0;11
27800;Valentina;Vinnie;COCONUT_COUPON;SEASHELLS;698.0;15
28000;Vinnie;Vinnie;COCONUT;SEASHELLS;10120.0;7
29300;Vinnie;Vinnie;COCONUT;SEASHELLS;10120.0;5
29500;Valentina;Vinnie;COCONUT_COUPON;SEASHELLS;705.0;18
29900;Vinnie;Vinnie;COCONUT;SEASHELLS;10116.0;8
30200;Vinnie;Vinnie;COCONUT;SEASHELLS;10116.0;8
30700;Ruby;Valentina;COCONUT_COUPON;SEASHELLS;705.0;16
31200;Valentina;Ruby;COCONUT_COUPON;SEASHELLS;700.0;15
31800;Valentina;Vinnie;COCONUT_COUPON;SEASHELLS;697.0;17
32600;Ruby;Valentina;COCONUT_COUPON;SEASHELLS;696.0;17
32800;Vinnie;Vinnie;COCONUT;SEASHELLS;10107.0;8
34800;Valentina;Vinnie;COCONUT_COUPON;SEASHELLS;682.0;19
35600;Valentina;Vinnie;COCONUT_COUPON;SEASHELLS;689.0;16
35600;Vladimir;Vinnie;COCONUT_COUPON;SEASHELLS;689.0;1
36000;Raj;Vinnie;COCONUT;SEASHELLS;10109.0;9
36800;Valentina;Rhianna;COCONUT_COUPON;SEASHELLS;685.0;15
38100;Valentina;Valentina;COCONUT_COUPON;SEASHELLS;685.0;6
38100;Valentina;Vinnie;COCONUT_COUPON;SEASHELLS;685.0;13
39700;Vinnie;Rhianna;COCONUT;SEASHELLS;10110.0;2
40300;Valentina;Ruby;COCONUT_COUPON;SEASHELLS;684.0;15
41200;Valentina;Vinnie;COCONUT_COUPON;SEASHELLS;680.0;11
41600;Vinnie;Raj;COCONUT;SEASHELLS;10103.0;7
42200;Raj;Vinnie;COCONUT;SEASHELLS;10111.0;8
42500;Valentina;Valentina;COCONUT_COUPON;SEASHELLS;676.0;4
43400;Vinnie;Vinnie;COCONUT;SEASHELLS;10111.0;8
43500;Vinnie;Vinnie;COCONUT;SEASHELLS;10111.0;7
43600;Valentina;Vinnie;COCONUT_COUPON;SEASHELLS;668.0;12
44800;Rhianna;Vinnie;COCONUT;SEASHELLS;10114.0;3
45300;Valentina;Rhianna;COCONUT_COUPON;SEASHELLS;674.0;12
45700;Valentina;Vinnie;COCONUT_COUPON;SEASHELLS;676.0;14
46100;Valentina;Rhianna;COCONUT_COUPON;SEASHELLS;673.0;10
47500;Raj;Vinnie;COCONUT;SEASHELLS;10109.0;10
47600;Valentina;Vinnie;COCONUT_COUPON;SEASHELLS;680.0;16
48300;Vinnie;Vinnie;COCONUT;SEASHELLS;10105.0;8
48300;Valentina;Rhianna;COCONUT_COUPON;SEASHELLS;677.0;14
48500;Rhianna;Vinnie;COCONUT;SEASHELLS;10109.0;1
48800;Valentina;Valentina;COCONUT_COUPON;SEASHELLS;679.0;6
48800;Vinnie;Vinnie;COCONUT;SEASHELLS;10107.0;7
49100;Ruby;Valentina;COCONUT_COUPON;SEASHELLS;678.0;11
49300;Vinnie;Vinnie;COCONUT;SEASHELLS;10108.0;5
49600;Vinnie;Vinnie;COCONUT;SEASHELLS;10108.0;7
50000;Vinnie;Rhianna;COCONUT;SEASHELLS;10108.0;3
50100;Valentina;Vinnie;COCONUT_COUPON;SEASHELLS;679.0;18
50300;Vinnie;Raj;COCONUT;SEASHELLS;10108.0;7
50700;Valentina;Vinnie;COCONUT_COUPON;SEASHELLS;679.0;16
50800;Vinnie;Vinnie;COCONUT;SEASHELLS;10110.0;8
52200;Valentina;Valentina;COCONUT_COUPON;SEASHELLS;679.0;6
52700;Valentina;Rhianna;COCONUT_COUPON;SEASHELLS;680.0;15
53400;Valentina;Rhianna;COCONUT_COUPON;SEASHELLS;683.0;11
54400;Raj;Vinnie;COCONUT;SEASHELLS;10111.0;5
55800;Vinnie;Vinnie;COCONUT;SEASHELLS;10110.0;8
56200;Valentina;Valentina;COCONUT_COUPON;SEASHELLS;681.0;8
56500;Valentina;Vinnie;COCONUT_COUPON;SEASHELLS;684.0;19
56600;Valentina;Vinnie;COCONUT_COUPON;SEASHELLS;685.0;16
57000;Valentina;Vinnie;COCONUT_COUPON;SEASHELLS;686.0;20
57100;Valentina;Ruby;COCONUT_COUPON;SEASHELLS;684.0;16
58700;Valentina;Vinnie;COCONUT_COUPON;SEASHELLS;685.0;10
59200;Vinnie;Vinnie;COCONUT;SEASHELLS;10111.0;5
59500;Vinnie;Vinnie;COCONUT;SEASHELLS;10109.0;6
61000;Raj;Vinnie;COCONUT;SEASHELLS;10107.0;6
63600;Valentina;Ruby;COCONUT_COUPON;SEASHELLS;686.0;16
63900;Vinnie;Vinnie;COCONUT;SEASHELLS;10108.0;8
64700;Vinnie;Vinnie;COCONUT;SEASHELLS;10110.0;6
65200;Valentina;Vinnie;COCONUT_COUPON;SEASHELLS;686.0;17
65700;Vinnie;Vinnie;COCONUT;SEASHELLS;10113.0;10
66300;Valentina;Vinnie;COCONUT_COUPON;SEASHELLS;683.0;13
67200;Valentina;Vinnie;COCONUT_COUPON;SEASHELLS;682.0;12
67400;Vinnie;Vinnie;COCONUT;SEASHELLS;10116.0;10
67500;Vinnie;Vinnie;COCONUT;SEASHELLS;10117.0;9
67600;Vinnie;Vinnie;COCONUT;SEASHELLS;10115.0;7
69300;Valentina;Rhianna;COCONUT_COUPON;SEASHELLS;692.0;15
69600;Valentina;Vinnie;COCONUT_COUPON;SEASHELLS;691.0;20
71700;Valentina;Vinnie;COCONUT_COUPON;SEASHELLS;696.0;18
72400;Vinnie;Vinnie;COCONUT;SEASHELLS;10115.0;5
73000;Valentina;Vinnie;COCONUT_COUPON;SEASHELLS;700.0;12
74400;Vinnie;Raj;COCONUT;SEASHELLS;10114.0;10
74900;Valentina;Vinnie;COCONUT_COUPON;SEASHELLS;691.0;14
75500;Vinnie;Vinnie;COCONUT;SEASHELLS;10115.0;5
76000;Vladimir;Vinnie;COCONUT_COUPON;SEASHELLS;691.0;1
76000;Valentina;Vinnie;COCONUT_COUPON;SEASHELLS;691.0;16
78500;Valentina;Vinnie;COCONUT_COUPON;SEASHELLS;704.0;14
79400;Raj;Vinnie;COCONUT;SEASHELLS;10122.0;7
79800;Vinnie;Rhianna;COCONUT;SEASHELLS;10120.0;1
80000;Valentina;Rhianna;COCONUT_COUPON;SEASHELLS;703.0;15
80200;Valentina;Vinnie;COCONUT_COUPON;SEASHELLS;703.0;12
81200;Valentina;Valentina;COCONUT_COUPON;SEASHELLS;706.0;7
81700;Ruby;Valentina;COCONUT_COUPON;SEASHELLS;709.0;15
81700;Ruby;Vladimir;COCONUT_COUPON;SEASHELLS;709.0;3
82300;Vinnie;Rhianna;COCONUT;SEASHELLS;10123.0;3
82600;Vinnie;Vinnie;COCONUT;SEASHELLS;10123.0;6
83800;Valentina;Vinnie;COCONUT_COUPON;SEASHELLS;704.0;11
85100;Valentina;Rhianna;COCONUT_COUPON;SEASHELLS;705.0;5
85400;Valentina;Rhianna;COCONUT_COUPON;SEASHELLS;707.0;9
85900;Vinnie;Vinnie;COCONUT;SEASHELLS;10129.0;9
86300;Vinnie;Vinnie;COCONUT;SEASHELLS;10129.0;10
87000;Vinnie;Vinnie;COCONUT;SEASHELLS;10131.0;9
88700;Valentina;Vinnie;COCONUT_COUPON;SEASHELLS;720.0;12
89500;Valentina;Valentina;COCONUT_COUPON;SEASHELLS;727.0;9
89600;Vinnie;Vinnie;COCONUT;SEASHELLS;10141.0;6
89900;Ruby;Valentina;COCONUT_COUPON;SEASHELLS;726.0;18
90400;Valentina;Rhianna;COCONUT_COUPON;SEASHELLS;729.0;10
90400;Vinnie;Raj;COCONUT;SEASHELLS;10140.0;6
90700;Ruby;Valentina;COCONUT_COUPON;SEASHELLS;731.0;15
90700;Ruby;Vladimir;COCONUT_COUPON;SEASHELLS;731.0;2
90800;Vinnie;Vinnie;COCONUT;SEASHELLS;10141.0;9
91700;Vinnie;Rhianna;COCONUT;SEASHELLS;10140.0;2
92000;Ruby;Valentina;COCONUT_COUPON;SEASHELLS;733.0;15
92400;Valentina;Vinnie;COCONUT_COUPON;SEASHELLS;735.0;11
92600;Vinnie;Vinnie;COCONUT;SEASHELLS;10135.0;9
92900;Vinnie;Vinnie;COCONUT;SEASHELLS;10135.0;7
92900;Vinnie;Rhianna;COCONUT;SEASHELLS;10135.0;3
93700;Valentina;Valentina;COCONUT_COUPON;SEASHELLS;732.0;8
94000;Valentina;Vinnie;COCONUT_COUPON;SEASHELLS;730.0;17
95900;Valentina;Vinnie;COCONUT_COUPON;SEASHELLS;728.0;15
98000;Vinnie;Rhianna;COCONUT;SEASHELLS;10124.0;1
98200;Vinnie;Vinnie;COCONUT;SEASHELLS;10126.0;5
99200;Vinnie;Vinnie;COCONUT;SEASHELLS;10129.0;7
99900;Vinnie;Rhianna;COCONUT;SEASHELLS;10130.0;2
99900;Valentina;Valentina;COCONUT_COUPON;SEASHELLS;729.0;8
101200;Vinnie;Raj;COCONUT;SEASHELLS;10128.0;9
101300;Valentina;Vinnie;COCONUT_COUPON;SEASHELLS;734.0;17
102000;Valentina;Vinnie;COCONUT_COUPON;SEASHELLS;735.0;13
102100;Vinnie;Vinnie;COCONUT;SEASHELLS;10127.0;6
102100;Vinnie;Rhianna;COCONUT_COUPON;SEASHELLS;735.0;8
102600;Valentina;Vinnie;COCONUT_COUPON;SEASHELLS;736.0;20
104000;Valentina;Rhianna;COCONUT_COUPON;SEASHELLS;740.0;5
104200;Vladimir;Vinnie;COCONUT_COUPON;SEASHELLS;740.0;5
104200;Valentina;Vinnie;COCONUT_COUPON;SEASHELLS;740.0;15
105100;Valentina;Valentina;COCONUT_COUPON;SEASHELLS;736.0;4
105900;Valentina;Ruby;COCONUT_COUPON;SEASHELLS;737.0;16
106300;Vinnie;Vinnie;COCONUT;SEASHELLS;10121.0;9
107000;Valentina;Ruby;COCONUT_COUPON;SEASHELLS;734.0;17
108400;Valentina;Vinnie;COCONUT_COUPON;SEASHELLS;730.0;16
110400;Vinnie;Raj;COCONUT;SEASHELLS;10128.0;9
110500;Rhianna;Vinnie;COCONUT;SEASHELLS;10129.0;3
111000;Valentina;Ruby;COCONUT_COUPON;SEASHELLS;732.0;14
111500;Vinnie;Rhianna;COCONUT;SEASHELLS;10130.0;2
112000;Valentina;Vinnie;COCONUT_COUPON;SEASHELLS;730.0;18
113600;Valentina;Vinnie;COCONUT_COUPON;SEASHELLS;729.0;16
113900;Valentina;Rhianna;COCONUT_COUPON;SEASHELLS;730.0;7
114300;Valentina;Valentina;COCONUT_COUPON;SEASHELLS;730.0;4
114300;Rhianna;Vinnie;COCONUT;SEASHELLS;10133.0;2
114500;Valentina;Vinnie;COCONUT_COUPON;SEASHELLS;731.0;20
114600;Raj;Vinnie;COCONUT;SEASHELLS;10134.0;8
115700;Vinnie;Raj;COCONUT;SEASHELLS;10128.0;6
116400;Valentina;Vinnie;COCONUT_COUPON;SEASHELLS;720.0;20
116400;Rhianna;Vinnie;COCONUT;SEASHELLS;10128.0;2
117800;Vinnie;Vinnie;COCONUT;SEASHELLS;10126.0;5
120200;Vinnie;Vinnie;COCONUT;SEASHELLS;10134.0;7
121000;Ruby;Valentina;COCONUT_COUPON;SEASHELLS;720.0;20
121700;Valentina;Vinnie;COCONUT_COUPON;SEASHELLS;722.0;11
123000;Vinnie;Vinnie;COCONUT;SEASHELLS;10138.0;6
123500;Vinnie;Vinnie;COCONUT;SEASHELLS;10140.0;8
127200;Valentina;Vinnie;COCONUT_COUPON;SEASHELLS;722.0;19
127900;Vinnie;Vinnie;COCONUT;SEASHELLS;10130.0;7
128900;Valentina;Vinnie;COCONUT_COUPON;SEASHELLS;715.0;12
129100;Valentina;Rhianna;COCONUT_COUPON;SEASHELLS;717.0;15
130400;Valentina;Rhianna;COCONUT_COUPON;SEASHELLS;715.0;12
130400;Raj;Vinnie;COCONUT;SEASHELLS;10131.0;9
130500;Valentina;Rhianna;COCONUT_COUPON;SEASHELLS;715.0;13
131500;Valentina;Valentina;COCONUT_COUPON;SEASHELLS;715.0;10
131900;Vladimir;Vinnie;COCONUT_COUPON;SEASHELLS;719.0;2
131900;Valentina;Vinnie;COCONUT_COUPON;SEASHELLS;719.0;18
132000;Valentina;Rhianna;COCONUT_COUPON;SEASHELLS;720.0;5
132600;Vinnie;Vinnie;COCONUT;SEASHELLS;10134.0;5
132700;Raj;Vinnie;COCONUT;SEASHELLS;10136.0;10
133200;Valentina;Vinnie;COCONUT_COUPON;SEASHELLS;721.0;16
133700;Vinnie;Vinnie;COCONUT;SEASHELLS;10136.0;8
134100;Valentina;Valentina;COCONUT_COUPON;SEASHELLS;722.0;9
134200;Valentina;Vinnie;COCONUT_COUPON;SEASHELLS;720.0;15
135000;Valentina;Rhianna;COCONUT_COUPON;SEASHELLS;722.0;11
135400;Vinnie;Raj;COCONUT;SEASHELLS;10132.0;7
136700;Vinnie;Rhianna;COCONUT;SEASHELLS;10129.0;2
136700;Valentina;Vinnie;COCONUT_COUPON;SEASHELLS;720.0;18
137300;Vinnie;Rhianna;COCONUT;SEASHELLS;10130.0;1
138200;Valentina;Valentina;COCONUT_COUPON;SEASHELLS;712.0;4
139100;Vinnie;Vinnie;COCONUT;SEASHELLS;10129.0;6
139700;Vladimir;Vinnie;COCONUT_COUPON;SEASHELLS;720.0;1
139700;Valentina;Vinnie;COCONUT_COUPON;SEASHELLS;720.0;17
140100;Valentina;Vinnie;COCONUT_COUPON;SEASHELLS;720.0;14
143100;Rhianna;Vinnie;COCONUT;SEASHELLS;10122.0;2
143100;Ruby;Valentina;COCONUT_COUPON;SEASHELLS;720.0;20
143200;Vinnie;Vinnie;COCONUT;SEASHELLS;10121.0;7
143600;Valentina;Rhianna;COCONUT_COUPON;SEASHELLS;712.0;5
143700;Vinnie;Vinnie;COCONUT;SEASHELLS;10115.0;5
143800;Vinnie;Vinnie;COCONUT;SEASHELLS;10115.0;8
143900;Valentina;Vinnie;COCONUT_COUPON;SEASHELLS;711.0;11
144400;Valentina;Vinnie;COCONUT_COUPON;SEASHELLS;712.0;14
144800;Valentina;Vinnie;COCONUT_COUPON;SEASHELLS;711.0;13
145800;Ruby;Valentina;COCONUT_COUPON;SEASHELLS;714.0;17
145900;Valentina;Ruby;COCONUT_COUPON;SEASHELLS;713.0;16
145900;Vladimir;Ruby;COCONUT_COUPON;SEASHELLS;713.0;4
146100;Ruby;Valentina;COCONUT_COUPON;SEASHELLS;714.0;10
146600;Vinnie;Vinnie;COCONUT;SEASHELLS;10118.0;6
146700;Rhianna;Vinnie;COCONUT;SEASHELLS;10118.0;3
146900;Vinnie;Rhianna;COCONUT;SEASHELLS;10116.0;2
148400;Vinnie;Vinnie;COCONUT;SEASHELLS;10117.0;10
148900;Raj;Vinnie;COCONUT;SEASHELLS;10115.0;9
149400;Valentina;Valentina;COCONUT_COUPON;SEASHELLS;708.0;4
149600;Rhianna;Vinnie;COCONUT;SEASHELLS;10111.0;1
149600;Vinnie;Vinnie;COCONUT;SEASHELLS;10110.0;10
150700;Vinnie;Vinnie;COCONUT;SEASHELLS;10108.0;10
151000;Vinnie;Vinnie;COCONUT;SEASHELLS;10108.0;7
151400;Ruby;Valentina;COCONUT_COUPON;SEASHELLS;707.0;19
152300;Rhianna;Vinnie;COCONUT;SEASHELLS;10115.0;3
152800;Valentina;Ruby;COCONUT_COUPON;SEASHELLS;709.0;16
153400;Vinnie;Vinnie;COCONUT;SEASHELLS;10114.0;10
153900;Valentina;Vinnie;COCONUT_COUPON;SEASHELLS;712.0;12
154700;Vinnie;Vinnie;COCONUT;SEASHELLS;10114.0;6
154800;Valentina;Rhianna;COCONUT_COUPON;SEASHELLS;707.0;9
155200;Valentina;Vinnie;COCONUT_COUPON;SEASHELLS;709.0;13
155300;Valentina;Vinnie;COCONUT_COUPON;SEASHELLS;711.0;12
156000;Valentina;Vinnie;COCONUT_COUPON;SEASHELLS;708.0;19
156200;Valentina;Rhianna;COCONUT_COUPON;SEASHELLS;709.0;6
156500;Valentina;Vinnie;COCONUT_COUPON;SEASHELLS;707.0;11
156900;Vladimir;Vinnie;COCONUT_COUPON;SEASHELLS;708.0;4
156900;Valentina;Vinnie;COCONUT_COUPON;SEASHELLS;708.0;15
158000;Rhianna;Vinnie;COCONUT;SEASHELLS;10119.0;2
160100;Vinnie;Vinnie;COCONUT;SEASHELLS;10115.0;7
161200;Valentina;Valentina;COCONUT_COUPON;SEASHELLS;714.0;7
161800;Valentina;Vinnie;COCONUT_COUPON;SEASHELLS;714.0;16
162300;Valentina;Vinnie;COCONUT_COUPON;SEASHELLS;714.0;16
162600;Valentina;Vinnie;COCONUT_COUPON;SEASHELLS;712.0;11
162900;Vinnie;Vinnie;COCONUT;SEASHELLS;10119.0;9
164500;Vinnie;Raj;COCONUT;SEASHELLS;10123.0;10
165700;Rhianna;Vinnie;COCONUT;SEASHELLS;10118.0;3
165800;Valentina;Ruby;COCONUT_COUPON;SEASHELLS;709.0;14
166600;Raj;Vinnie;COCONUT;SEASHELLS;10116.0;5
167800;Valentina;Vinnie;COCONUT_COUPON;SEASHELLS;705.0;17
168300;Valentina;Vinnie;COCONUT_COUPON;SEASHELLS;705.0;10
168300;Vinnie;Vinnie;COCONUT;SEASHELLS;10116.0;9
169000;Vinnie;Rhianna;COCONUT;SEASHELLS;10118.0;1
169300;Valentina;Vinnie;COCONUT_COUPON;SEASHELLS;712.0;13
172200;Valentina;Rhianna;COCONUT_COUPON;SEASHELLS;715.0;13
172500;Vinnie;Rhianna;COCONUT_COUPON;SEASHELLS;714.0;2
172500;Valentina;Rhianna;COCONUT_COUPON;SEASHELLS;713.0;13
172900;Valentina;Rhianna;COCONUT_COUPON;SEASHELLS;714.0;14
173300;Valentina;Vinnie;COCONUT_COUPON;SEASHELLS;714.0;11
173500;Valentina;Rhianna;COCONUT_COUPON;SEASHELLS;715.0;7
176200;Vinnie;Vinnie;COCONUT;SEASHELLS;10117.0;7
176200;Valentina;Vinnie;COCONUT_COUPON;SEASHELLS;717.0;19
177800;Valentina;Ruby;COCONUT_COUPON;SEASHELLS;717.0;15
178200;Valentina;Valentina;COCONUT_COUPON;SEASHELLS;719.0;6
178300;Valentina;Rhianna;COCONUT_COUPON;SEASHELLS;718.0;10
178400;Valentina;Vinnie;COCONUT_COUPON;SEASHELLS;717.0;14
179300;Valentina;Vinnie;COCONUT_COUPON;SEASHELLS;718.0;18
179400;Vinnie;Vinnie;COCONUT;SEASHELLS;10115.0;10
179900;Valentina;Ruby;COCONUT_COUPON;SEASHELLS;720.0;19
180800;Valentina;Vinnie;COCONUT_COUPON;SEASHELLS;719.0;10
180900;Valentina;Rhianna;COCONUT_COUPON;SEASHELLS;719.0;6
182100;Valentina;Rhianna;COCONUT_COUPON;SEASHELLS;715.0;9
182500;Vinnie;Vinnie;COCONUT;SEASHELLS;10108.0;10
183200;Vinnie;Rhianna;COCONUT;SEASHELLS;10108.0;2
183500;Valentina;Vinnie;COCONUT_COUPON;SEASHELLS;719.0;14
184000;Vinnie;Vinnie;COCONUT;SEASHELLS;10106.0;5
184100;Valentina;Vinnie;COCONUT_COUPON;SEASHELLS;722.0;16
184800;Vinnie;Vinnie;COCONUT;SEASHELLS;10107.0;7
184900;Vinnie;Vinnie;COCONUT;SEASHELLS;10105.0;7
185900;Vinnie;Raj;COCONUT;SEASHELLS;10104.0;10
186500;Valentina;Vinnie;COCONUT_COUPON;SEASHELLS;720.0;13
187500;Valentina;Vinnie;COCONUT_COUPON;SEASHELLS;720.0;16
187800;Vinnie;Vinnie;COCONUT;SEASHELLS;10107.0;5
188400;Vladimir;Vinnie;COCONUT_COUPON;SEASHELLS;714.0;5
188400;Valentina;Vinnie;COCONUT_COUPON;SEASHELLS;714.0;15
188800;Vinnie;Rhianna;COCONUT;SEASHELLS;10107.0;3
188900;Vinnie;Vinnie;COCONUT;SEASHELLS;10106.0;10
189200;Valentina;Vinnie;COCONUT_COUPON;SEASHELLS;715.0;17
189500;Vinnie;Vinnie;COCONUT;SEASHELLS;10104.0;5
191100;Valentina;Vinnie;COCONUT_COUPON;SEASHELLS;708.0;19
191100;Vladimir;Vinnie;COCONUT_COUPON;SEASHELLS;708.0;1
191200;Valentina;Vinnie;COCONUT_COUPON;SEASHELLS;709.0;16
192400;Valentina;Ruby;COCONUT_COUPON;SEASHELLS;706.0;17
192900;Valentina;Ruby;COCONUT_COUPON;SEASHELLS;702.0;10
193000;Vladimir;Vinnie;COCONUT_COUPON;SEASHELLS;700.0;4
193000;Valentina;Vinnie;COCONUT_COUPON;SEASHELLS;700.0;16
193600;Ruby;Valentina;COCONUT_COUPON;SEASHELLS;702.0;14
193900;Vinnie;Vinnie;COCONUT;SEASHELLS;10097.0;10
194400;Vinnie;Vinnie;COCONUT;SEASHELLS;10100.0;5
194600;Raj;Vinnie;COCONUT;SEASHELLS;10100.0;8
195000;Valentina;Valentina;COCONUT_COUPON;SEASHELLS;703.0;4
195900;Valentina;Vinnie;COCONUT_COUPON;SEASHELLS;705.0;15
196500;Ruby;Valentina;COCONUT_COUPON;SEASHELLS;703.0;12
197300;Vladimir;Vinnie;COCONUT_COUPON;SEASHELLS;696.0;1
197300;Valentina;Vinnie;COCONUT_COUPON;SEASHELLS;696.0;16
197500;Vinnie;Vinnie;COCONUT;SEASHELLS;10093.0;9
197800;Valentina;Vinnie;COCONUT_COUPON;SEASHELLS;692.0;10
197900;Valentina;Valentina;COCONUT_COUPON;SEASHELLS;694.0;5
200300;Valentina;Vinnie;COCONUT_COUPON;SEASHELLS;692.0;11
200700;Vinnie;Raj;COCONUT;SEASHELLS;10093.0;10
200700;Vinnie;Vinnie;COCONUT;SEASHELLS;10093.0;5
200900;Vinnie;Vinnie;COCONUT;SEASHELLS;10094.0;6
201100;Raj;Vinnie;COCONUT;SEASHELLS;10095.0;8
201200;Valentina;Ruby;COCONUT_COUPON;SEASHELLS;689.0;19
201400;Valentina;Vinnie;COCONUT_COUPON;SEASHELLS;687.0;15
201400;Vladimir;Vinnie;COCONUT_COUPON;SEASHELLS;687.0;2
202100;Vinnie;Rhianna;COCONUT;SEASHELLS;10095.0;1
202600;Valentina;Vinnie;COCONUT_COUPON;SEASHELLS;687.0;15
202600;Vladimir;Vinnie;COCONUT_COUPON;SEASHELLS;687.0;2
203000;Valentina;Ruby;COCONUT_COUPON;SEASHELLS;687.0;19
204100;Vinnie;Vinnie;COCONUT;SEASHELLS;10098.0;6
204900;Ruby;Valentina;COCONUT_COUPON;SEASHELLS;693.0;10
205700;Vinnie;Vinnie;COCONUT;SEASHELLS;10097.0;7
205800;Vinnie;Vinnie;COCONUT;SEASHELLS;10096.0;8
205900;Valentina;Vinnie;COCONUT_COUPON;SEASHELLS;697.0;15
206200;Valentina;Ruby;COCONUT_COUPON;SEASHELLS;697.0;10
206500;Valentina;Vinnie;COCONUT_COUPON;SEASHELLS;699.0;16
208200;Valentina;Vinnie;COCONUT_COUPON;SEASHELLS;701.0;19
208600;Valentina;Rhianna;COCONUT_COUPON;SEASHELLS;699.0;13
209100;Valentina;Rhianna;COCONUT_COUPON;SEASHELLS;701.0;7
209500;Vinnie;Vinnie;COCONUT;SEASHELLS;10099.0;10
209600;Ruby;Valentina;COCONUT_COUPON;SEASHELLS;702.0;10
209600;Vinnie;Vinnie;COCONUT;SEASHELLS;10099.0;9
209700;Vinnie;Vinnie;COCONUT;SEASHELLS;10096.0;10
209900;Valentina;Ruby;COCONUT_COUPON;SEASHELLS;700.0;16
210300;Rhianna;Vinnie;COCONUT;SEASHELLS;10102.0;2
211100;Valentina;Valentina;COCONUT_COUPON;SEASHELLS;702.0;8
211300;Vinnie;Raj;COCONUT;SEASHELLS;10103.0;10
211500;Valentina;Valentina;COCONUT_COUPON;SEASHELLS;704.0;5
211800;Valentina;Vinnie;COCONUT_COUPON;SEASHELLS;706.0;20
212900;Valentina;Vinnie;COCONUT_COUPON;SEASHELLS;709.0;15
213200;Valentina;Vinnie;COCONUT_COUPON;SEASHELLS;706.0;15
213400;Vinnie;Vinnie;COCONUT;SEASHELLS;10101.0;6
213700;Valentina;Ruby;COCONUT_COUPON;SEASHELLS;705.0;16
214200;Valentina;Vinnie;COCONUT_COUPON;SEASHELLS;707.0;15
214600;Valentina;Ruby;COCONUT_COUPON;SEASHELLS;706.0;20
215100;Rhianna;Vinnie;COCONUT;SEASHELLS;10107.0;1
215900;Vinnie;Vinnie;COCONUT;SEASHELLS;10103.0;9
217100;Valentina;Vinnie;COCONUT_COUPON;SEASHELLS;705.0;14
217700;Rhianna;Vinnie;COCONUT;SEASHELLS;10102.0;3
217700;Valentina;Rhianna;COCONUT_COUPON;SEASHELLS;707.0;13
218700;Valentina;Vinnie;COCONUT_COUPON;SEASHELLS;709.0;13
218800;Valentina;Vinnie;COCONUT_COUPON;SEASHELLS;709.0;15
219300;Vinnie;Vinnie;COCONUT;SEASHELLS;10094.0;8
219700;Valentina;Vinnie;COCONUT_COUPON;SEASHELLS;703.0;14
220900;Valentina;Vinnie;COCONUT_COUPON;SEASHELLS;712.0;15
221100;Ruby;Valentina;COCONUT_COUPON;SEASHELLS;714.0;20
221600;Vinnie;Vinnie;COCONUT;SEASHELLS;10101.0;8
222300;Ruby;Valentina;COCONUT_COUPON;SEASHELLS;717.0;20
222300;Vinnie;Vinnie;COCONUT;SEASHELLS;10103.0;7
223300;Valentina;Ruby;COCONUT_COUPON;SEASHELLS;716.0;15
224100;Vladimir;Vinnie;COCONUT_COUPON;SEASHELLS;714.0;5
224100;Valentina;Vinnie;COCONUT_COUPON;SEASHELLS;714.0;15
224200;Valentina;Rhianna;COCONUT_COUPON;SEASHELLS;714.0;14
224900;Valentina;Ruby;COCONUT_COUPON;SEASHELLS;708.0;17
225200;Valentina;Vinnie;COCONUT_COUPON;SEASHELLS;707.0;12
225600;Valentina;Ruby;COCONUT_COUPON;SEASHELLS;707.0;10
226800;Vinnie;Vinnie;COCONUT;SEASHELLS;10099.0;10
228000;Vladimir;Rhianna;COCONUT_COUPON;SEASHELLS;695.0;7
228100;Vinnie;Vinnie;COCONUT;SEASHELLS;10094.0;10
228200;Vinnie;Vinnie;COCONUT;SEASHELLS;10095.0;9
228500;Valentina;Vinnie;COCONUT_COUPON;SEASHELLS;696.0;17
229700;Valentina;Vinnie;COCONUT_COUPON;SEASHELLS;698.0;15
231400;Valentina;Ruby;COCONUT_COUPON;SEASHELLS;689.0;17
231600;Valentina;Rhianna;COCONUT_COUPON;SEASHELLS;690.0;14
232000;Vinnie;Vinnie;COCONUT;SEASHELLS;10099.0;7
232900;Vinnie;Raj;COCONUT;SEASHELLS;10102.0;9
233700;Valentina;Valentina;COCONUT_COUPON;SEASHELLS;684.0;9
233900;Vinnie;Raj;COCONUT;SEASHELLS;10101.0;8
234800;Vladimir;Vinnie;COCONUT_COUPON;SEASHELLS;684.0;5
234800;Valentina;Vinnie;COCONUT_COUPON;SEASHELLS;684.0;15
234800;Raj;Vinnie;COCONUT;SEASHELLS;10104.0;8
234900;Valentina;Ruby;COCONUT_COUPON;SEASHELLS;686.0;15
235400;Valentina;Valentina;COCONUT_COUPON;SEASHELLS;684.0;4
236000;Valentina;Vinnie;COCONUT_COUPON;SEASHELLS;685.0;11
236400;Valentina;Vinnie;COCONUT_COUPON;SEASHELLS;687.0;11
236800;Valentina;Vinnie;COCONUT_COUPON;SEASHELLS;686.0;17
237400;Valentina;Ruby;COCONUT_COUPON;SEASHELLS;686.0;19
237600;Vinnie;Raj;COCONUT;SEASHELLS;10105.0;6
237800;Valentina;Vinnie;COCONUT_COUPON;SEASHELLS;682.0;13
238800;Valentina;Valentina;COCONUT_COUPON;SEASHELLS;682.0;5
239000;Valentina;Vinnie;COCONUT_COUPON;SEASHELLS;680.0;13
239300;Valentina;Vinnie;COCONUT_COUPON;SEASHELLS;682.0;20
239400;Valentina;Vinnie;COCONUT_COUPON;SEASHELLS;683.0;16
239400;Vladimir;Vinnie;COCONUT_COUPON;SEASHELLS;683.0;2
239900;Ruby;Valentina;COCONUT_COUPON;SEASHELLS;683.0;16
240000;Vinnie;Rhianna;COCONUT;SEASHELLS;10095.0;2
240200;Valentina;Vinnie;COCONUT_COUPON;SEASHELLS;682.0;10
240800;Valentina;Vinnie;COCONUT_COUPON;SEASHELLS;685.0;20
241800;Vinnie;Vinnie;COCONUT;SEASHELLS;10094.0;9
242000;Valentina;Vinnie;COCONUT_COUPON;SEASHELLS;680.0;14
242300;Valentina;Valentina;COCONUT_COUPON;SEASHELLS;678.0;9
242300;Vinnie;Raj;COCONUT;SEASHELLS;10094.0;7
243600;Valentina;Vinnie;COCONUT_COUPON;SEASHELLS;673.0;10
244200;Valentina;Vinnie;COCONUT_COUPON;SEASHELLS;670.0;15
244200;Raj;Vinnie;COCONUT;SEASHELLS;10096.0;5
245000;Valentina;Vinnie;COCONUT_COUPON;SEASHELLS;672.0;17
246200;Valentina;Vinnie;COCONUT_COUPON;SEASHELLS;670.0;17
246300;Valentina;Vinnie;COCONUT_COUPON;SEASHELLS;671.0;12
246400;Vinnie;Vinnie;COCONUT;SEASHELLS;10087.0;10
246800;Vinnie;Vinnie;COCONUT;SEASHELLS;10092.0;9
247000;Vinnie;Vinnie;COCONUT;SEASHELLS;10092.0;9
247900;Valentina;Ruby;COCONUT_COUPON;SEASHELLS;671.0;14
248100;Valentina;Vinnie;COCONUT_COUPON;SEASHELLS;671.0;16
248800;Valentina;Vinnie;COCONUT_COUPON;SEASHELLS;675.0;16
249100;Valentina;Vinnie;COCONUT_COUPON;SEASHELLS;676.0;15
249200;Raj;Vinnie;COCONUT;SEASHELLS;10093.0;5
249300;Vinnie;Vinnie;COCONUT;SEASHELLS;10092.0;10
250300;Valentina;Vinnie;COCONUT_COUPON;SEASHELLS;682.0;16
250800;Valentina;Vinnie;COCONUT_COUPON;SEASHELLS;679.0;15
251200;Ruby;Valentina;COCONUT_COUPON;SEASHELLS;679.0;12
252000;Vinnie;Vinnie;COCONUT;SEASHELLS;10084.0;5
252600;Valentina;Vinnie;COCONUT_COUPON;SEASHELLS;674.0;14
252600;Vinnie;Raj;COCONUT;SEASHELLS;10080.0;9
252700;Valentina;Vinnie;COCONUT_COUPON;SEASHELLS;672.0;14
253100;Vinnie;Vinnie;COCONUT;SEASHELLS;10079.0;7
255800;Valentina;Vinnie;COCONUT_COUPON;SEASHELLS;673.0;19
256000;Rhianna;Vinnie;COCONUT;SEASHELLS;10081.0;1
256800;Valentina;Vinnie;COCONUT_COUPON;SEASHELLS;673.0;15
257000;Vinnie;Rhianna;COCONUT;SEASHELLS;10077.0;3
257000;Valentina;Valentina;COCONUT_COUPON;SEASHELLS;672.0;6
257500;Vinnie;Raj;COCONUT;SEASHELLS;10081.0;8
257800;Vladimir;Vinnie;COCONUT_COUPON;SEASHELLS;677.0;1
257800;Valentina;Vinnie;COCONUT_COUPON;SEASHELLS;677.0;16
257800;Valentina;Vladimir;COCONUT_COUPON;SEASHELLS;678.0;7
258000;Valentina;Rhianna;COCONUT_COUPON;SEASHELLS;676.0;8
258000;Vinnie;Vinnie;COCONUT;SEASHELLS;10078.0;9
258600;Valentina;Vinnie;COCONUT_COUPON;SEASHELLS;675.0;16
258700;Raj;Vinnie;COCONUT;SEASHELLS;10081.0;9
259000;Vinnie;Vinnie;COCONUT;SEASHELLS;10076.0;10
260000;Raj;Vinnie;COCONUT;SEASHELLS;10079.0;9
260400;Valentina;Vinnie;COCONUT_COUPON;SEASHELLS;670.0;17
261100;Valentina;Ruby;COCONUT_COUPON;SEASHELLS;667.0;17
262000;Ruby;Valentina;COCONUT_COUPON;SEASHELLS;666.0;12
262300;Valentina;Ruby;COCONUT_COUPON;SEASHELLS;662.0;15
262400;Vinnie;Rhianna;COCONUT;SEASHELLS;10066.0;1
263100;Vinnie;Rhianna;COCONUT;SEASHELLS;10067.0;3
263300;Vinnie;Raj;COCONUT;SEASHELLS;10069.0;10
263800;Valentina;Rhianna;COCONUT_COUPON;SEASHELLS;666.0;8
264000;Raj;Vinnie;COCONUT;SEASHELLS;10075.0;6
264400;Vinnie;Vinnie;COCONUT;SEASHELLS;10074.0;7
265300;Valentina;Vinnie;COCONUT_COUPON;SEASHELLS;664.0;19
265300;Ruby;Valentina;COCONUT_COUPON;SEASHELLS;665.0;20
265700;Valentina;Vinnie;COCONUT_COUPON;SEASHELLS;665.0;16
265800;Vinnie;Rhianna;COCONUT;SEASHELLS;10076.0;1
266100;Valentina;Vinnie;COCONUT_COUPON;SEASHELLS;664.0;11
266500;Valentina;Rhianna;COCONUT_COUPON;SEASHELLS;662.0;11
267100;Valentina;Vinnie;COCONUT_COUPON;SEASHELLS;664.0;14
267800;Raj;Vinnie;COCONUT;SEASHELLS;10069.0;10
267800;Valentina;Vinnie;COCONUT_COUPON;SEASHELLS;665.0;18
268200;Valentina;Rhianna;COCONUT_COUPON;SEASHELLS;662.0;14
268500;Raj;Vinnie;COCONUT;SEASHELLS;10067.0;5
269100;Valentina;Vinnie;COCONUT_COUPON;SEASHELLS;661.0;18
269700;Rhianna;Vinnie;COCONUT;SEASHELLS;10072.0;1
271300;Valentina;Ruby;COCONUT_COUPON;SEASHELLS;668.0;16
271300;Vladimir;Ruby;COCONUT_COUPON;SEASHELLS;668.0;1
271800;Vinnie;Raj;COCONUT;SEASHELLS;10075.0;7
273300;Vinnie;Vinnie;COCONUT;SEASHELLS;10072.0;10
273400;Vinnie;Vinnie;COCONUT;SEASHELLS;10073.0;8
273700;Valentina;Valentina;COCONUT_COUPON;SEASHELLS;671.0;10
274000;Valentina;Vinnie;COCONUT_COUPON;SEASHELLS;671.0;10
274100;Valentina;Rhianna;COCONUT_COUPON;SEASHELLS;671.0;12
274200;Valentina;Ruby;COCONUT_COUPON;SEASHELLS;671.0;18
275000;Vinnie;Vinnie;COCONUT;SEASHELLS;10080.0;5
275000;Valentina;Ruby;COCONUT_COUPON;SEASHELLS;669.0;10
275400;Vinnie;Vinnie;COCONUT;SEASHELLS;10079.0;6
276700;Valentina;Vinnie;COCONUT_COUPON;SEASHELLS;671.0;15
277100;Valentina;Valentina;COCONUT_COUPON;SEASHELLS;671.0;7
277800;Vladimir;Vinnie;COCONUT_COUPON;SEASHELLS;673.0;5
277800;Valentina;Vinnie;COCONUT_COUPON;SEASHELLS;673.0;15
278300;Valentina;Valentina;COCONUT_COUPON;SEASHELLS;678.0;9
278300;Vinnie;Vinnie;COCONUT;SEASHELLS;10088.0;8
278700;Valentina;Vinnie;COCONUT_COUPON;SEASHELLS;682.0;14
278700;Ruby;Valentina;COCONUT_COUPON;SEASHELLS;683.0;15
278700;Ruby;Vladimir;COCONUT_COUPON;SEASHELLS;683.0;3
279100;Vinnie;Vinnie;COCONUT;SEASHELLS;10094.0;9
280300;Valentina;Rhianna;COCONUT_COUPON;SEASHELLS;691.0;8
280400;Valentina;Vinnie;COCONUT_COUPON;SEASHELLS;689.0;12
281300;Vinnie;Vinnie;COCONUT;SEASHELLS;10084.0;6
281400;Vinnie;Vinnie;COCONUT;SEASHELLS;10085.0;9
282900;Valentina;Ruby;COCONUT_COUPON;SEASHELLS;690.0;12
284800;Ruby;Valentina;COCONUT_COUPON;SEASHELLS;694.0;18
284800;Valentina;Vinnie;COCONUT_COUPON;SEASHELLS;693.0;12
284900;Valentina;Valentina;COCONUT_COUPON;SEASHELLS;692.0;4
284900;Valentina;Ruby;COCONUT_COUPON;SEASHELLS;692.0;16
285500;Vinnie;Rhianna;COCONUT;SEASHELLS;10078.0;3
285700;Vinnie;Rhianna;COCONUT;SEASHELLS;10077.0;1
286100;Valentina;Ruby;COCONUT_COUPON;SEASHELLS;689.0;15
286700;Vinnie;Vinnie;COCONUT;SEASHELLS;10080.0;8
287200;Vinnie;Vinnie;COCONUT;SEASHELLS;10077.0;6
287600;Vinnie;Raj;COCONUT;SEASHELLS;10077.0;10
288400;Vinnie;Vinnie;COCONUT;SEASHELLS;10077.0;7
289500;Vinnie;Rhianna;COCONUT;SEASHELLS;10073.0;3
290300;Valentina;Ruby;COCONUT_COUPON;SEASHELLS;699.0;14
290300;Vinnie;Vinnie;COCONUT;SEASHELLS;10078.0;8
290800;Vinnie;Vinnie;COCONUT;SEASHELLS;10079.0;7
291300;Vinnie;Raj;COCONUT;SEASHELLS;10075.0;7
291700;Ruby;Valentina;COCONUT_COUPON;SEASHELLS;692.0;15
291800;Valentina;Vinnie;COCONUT_COUPON;SEASHELLS;691.0;19
292000;Valentina;Valentina;COCONUT_COUPON;SEASHELLS;691.0;8
293000;Vinnie;Rhianna;COCONUT;SEASHELLS;10077.0;2
293300;Ruby;Valentina;COCONUT_COUPON;SEASHELLS;695.0;17
293800;Valentina;Vinnie;COCONUT_COUPON;SEASHELLS;689.0;10
294000;Valentina;Vinnie;COCONUT_COUPON;SEASHELLS;689.0;18
294700;Vinnie;Raj;COCONUT;SEASHELLS;10066.0;9
295000;Valentina;Valentina;COCONUT_COUPON;SEASHELLS;683.0;6
295100;Valentina;Vinnie;COCONUT_COUPON;SEASHELLS;684.0;13
295200;Valentina;Ruby;COCONUT_COUPON;SEASHELLS;682.0;15
296900;Valentina;Vinnie;COCONUT_COUPON;SEASHELLS;682.0;10
297400;Valentina;Ruby;COCONUT_COUPON;SEASHELLS;685.0;16
298300;Rhianna;Vinnie;COCONUT;SEASHELLS;10068.0;1
298500;Ruby;Valentina;COCONUT_COUPON;SEASHELLS;691.0;13
299200;Valentina;Ruby;COCONUT_COUPON;SEASHELLS;689.0;17
299500;Valentina;Vinnie;COCONUT_COUPON;SEASHELLS;688.0;16
299900;Valentina;Vinnie;COCONUT_COUPON;SEASHELLS;686.0;19
300500;Raj;Vinnie;COCONUT;SEASHELLS;10066.0;5
301900;Ruby;Valentina;COCONUT_COUPON;SEASHELLS;678.0;16
302200;Valentina;Vinnie;COCONUT_COUPON;SEASHELLS;679.0;18
302200;Vladimir;Vinnie;COCONUT_COUPON;SEASHELLS;679.0;1
303500;Valentina;Vinnie;COCONUT_COUPON;SEASHELLS;681.0;11
304200;Vinnie;Vinnie;COCONUT;SEASHELLS;10066.0;5
305100;Valentina;Ruby;COCONUT_COUPON;SEASHELLS;678.0;19
305200;Valentina;Rhianna;COCONUT_COUPON;SEASHELLS;678.0;8
305400;Valentina;Vinnie;COCONUT_COUPON;SEASHELLS;678.0;17
306700;Raj;Vinnie;COCONUT;SEASHELLS;10067.0;5
307100;Valentina;Rhianna;COCONUT_COUPON;SEASHELLS;686.0;9
307200;Rhianna;Vinnie;COCONUT;SEASHELLS;10067.0;2
307800;Valentina;Vinnie;COCONUT_COUPON;SEASHELLS;685.0;18
307900;Rhianna;Vinnie;COCONUT;SEASHELLS;10063.0;3
308000;Valentina;Vinnie;COCONUT_COUPON;SEASHELLS;686.0;16
308200;Valentina;Rhianna;COCONUT_COUPON;SEASHELLS;686.0;14
309400;Valentina;Vinnie;COCONUT_COUPON;SEASHELLS;694.0;17
309400;Vladimir;Vinnie;COCONUT_COUPON;SEASHELLS;694.0;3
309600;Valentina;Vinnie;COCONUT_COUPON;SEASHELLS;694.0;10
309900;Valentina;Rhianna;COCONUT_COUPON;SEASHELLS;696.0;14
310100;Valentina;Valentina;COCONUT_COUPON;SEASHELLS;695.0;9
310600;Vinnie;Vinnie;COCONUT;SEASHELLS;10069.0;6
311600;Valentina;Valentina;COCONUT_COUPON;SEASHELLS;696.0;6
312800;Vinnie;Raj;COCONUT;SEASHELLS;10075.0;10
313200;Valentina;Vinnie;COCONUT_COUPON;SEASHELLS;696.0;20
314600;Ruby;Valentina;COCONUT_COUPON;SEASHELLS;703.0;17
314700;Valentina;Vinnie;COCONUT_COUPON;SEASHELLS;701.0;12
315000;Valentina;Ruby;COCONUT_COUPON;SEASHELLS;706.0;10
315000;Vinnie;Vinnie;COCONUT;SEASHELLS;10082.0;5
315300;Valentina;Vinnie;COCONUT_COUPON;SEASHELLS;704.0;18
315700;Valentina;Vinnie;COCONUT_COUPON;SEASHELLS;700.0;16
316300;Ruby;Valentina;COCONUT_COUPON;SEASHELLS;700.0;16
316400;Vinnie;Rhianna;COCONUT;SEASHELLS;10083.0;1
316900;Vinnie;Vinnie;COCONUT;SEASHELLS;10083.0;7
317100;Valentina;Vinnie;COCONUT_COUPON;SEASHELLS;703.0;19
317200;Valentina;Vinnie;COCONUT_COUPON;SEASHELLS;705.0;11
317300;Rhianna;Vinnie;COCONUT;SEASHELLS;10085.0;1
317500;Valentina;Vinnie;COCONUT_COUPON;SEASHELLS;704.0;19
318100;Vinnie;Vinnie;COCONUT;SEASHELLS;10081.0;9
318700;Valentina;Valentina;COCONUT_COUPON;SEASHELLS;702.0;6
319400;Vinnie;Vinnie;COCONUT;SEASHELLS;10086.0;6
320200;Valentina;Vinnie;COCONUT_COUPON;SEASHELLS;711.0;12
320500;Valentina;Vinnie;COCONUT_COUPON;SEASHELLS;706.0;15
320600;Vinnie;Vinnie;COCONUT;SEASHELLS;10092.0;9
321000;Valentina;Vinnie;COCONUT_COUPON;SEASHELLS;706.0;17
321100;Valentina;Rhianna;COCONUT_COUPON;SEASHELLS;704.0;9
321800;Valentina;Vinnie;COCONUT_COUPON;SEASHELLS;705.0;19
321800;Vinnie;Rhianna;COCONUT;SEASHELLS;10089.0;1
322000;Valentina;Rhianna;COCONUT_COUPON;SEASHELLS;705.0;9
322500;Valentina;Vinnie;COCONUT_COUPON;SEASHELLS;704.0;19
323800;Ruby;Valentina;COCONUT_COUPON;SEASHELLS;701.0;16
323900;Vinnie;Raj;COCONUT;SEASHELLS;10085.0;6
325700;Vinnie;Vinnie;COCONUT;SEASHELLS;10085.0;8
326500;Vinnie;Vinnie;COCONUT;SEASHELLS;10089.0;8
326900;Valentina;Vinnie;COCONUT_COUPON;SEASHELLS;692.0;17
327200;Rhianna;Vinnie;COCONUT;SEASHELLS;10088.0;1
327600;Vinnie;Rhianna;COCONUT;SEASHELLS;10085.0;1
327900;Vinnie;Rhianna;COCONUT;SEASHELLS;10082.0;1
329000;Vinnie;Vinnie;COCONUT_COUPON;SEASHELLS;683.0;2
329600;Rhianna;Vinnie;COCONUT;SEASHELLS;10079.0;3
331200;Valentina;Rhianna;COCONUT_COUPON;SEASHELLS;676.0;14
331500;Valentina;Vinnie;COCONUT_COUPON;SEASHELLS;676.0;17
332100;Valentina;Vinnie;COCONUT_COUPON;SEASHELLS;677.0;17
332700;Ruby;Valentina;COCONUT_COUPON;SEASHELLS;680.0;20
333700;Valentina;Vinnie;COCONUT_COUPON;SEASHELLS;679.0;16
334300;Rhianna;Vinnie;COCONUT;SEASHELLS;10077.0;2
335200;Valentina;Vinnie;COCONUT_COUPON;SEASHELLS;673.0;20
336000;Vinnie;Vinnie;COCONUT;SEASHELLS;10075.0;9
338100;Valentina;Vinnie;COCONUT_COUPON;SEASHELLS;671.0;16
339200;Vinnie;Rhianna;COCONUT;SEASHELLS;10083.0;1
339300;Vinnie;Vinnie;COCONUT;SEASHELLS;10083.0;6
340100;Ruby;Valentina;COCONUT_COUPON;SEASHELLS;672.0;11
341500;Valentina;Ruby;COCONUT_COUPON;SEASHELLS;669.0;10
342100;Valentina;Vinnie;COCONUT_COUPON;SEASHELLS;668.0;15
343500;Valentina;Vinnie;COCONUT_COUPON;SEASHELLS;661.0;10
343600;Ruby;Valentina;COCONUT_COUPON;SEASHELLS;663.0;20
343800;Valentina;Rhianna;COCONUT_COUPON;SEASHELLS;659.0;15
345200;Raj;Vinnie;COCONUT;SEASHELLS;10081.0;5
345500;Valentina;Vinnie;COCONUT_COUPON;SEASHELLS;656.0;14
345700;Valentina;Vinnie;COCONUT_COUPON;SEASHELLS;659.0;20
346400;Vinnie;Vinnie;COCONUT;SEASHELLS;10081.0;8
347700;Valentina;Vinnie;COCONUT_COUPON;SEASHELLS;652.0;10
348200;Valentina;Vinnie;COCONUT_COUPON;SEASHELLS;652.0;13
348600;Valentina;Valentina;COCONUT_COUPON;SEASHELLS;651.0;5
349400;Valentina;Vinnie;COCONUT_COUPON;SEASHELLS;651.0;16
349600;Valentina;Valentina;COCONUT_COUPON;SEASHELLS;650.0;9
349700;Valentina;Ruby;COCONUT_COUPON;SEASHELLS;651.0;11
349900;Valentina;Vinnie;COCONUT_COUPON;SEASHELLS;653.0;16
349900;Vladimir;Vinnie;COCONUT_COUPON;SEASHELLS;653.0;3
350000;Valentina;Vinnie;COCONUT_COUPON;SEASHELLS;652.0;11
350300;Valentina;Valentina;COCONUT_COUPON;SEASHELLS;655.0;10
350800;Valentina;Rhianna;COCONUT_COUPON;SEASHELLS;658.0;15
351100;Vinnie;Vinnie;COCONUT;SEASHELLS;10083.0;10
353400;Ruby;Valentina;COCONUT_COUPON;SEASHELLS;659.0;16
353400;Ruby;Vladimir;COCONUT_COUPON;SEASHELLS;659.0;4
353800;Valentina;Vinnie;COCONUT_COUPON;SEASHELLS;655.0;12
354000;Valentina;Vinnie;COCONUT_COUPON;SEASHELLS;656.0;14
354000;Vinnie;Vinnie;COCONUT;SEASHELLS;10080.0;7
354200;Valentina;Rhianna;COCONUT_COUPON;SEASHELLS;657.0;13
354200;Vinnie;Vinnie;COCONUT;SEASHELLS;10081.0;8
355300;Vinnie;Vinnie;COCONUT;SEASHELLS;10086.0;10
355500;Valentina;Vinnie;COCONUT_COUPON;SEASHELLS;665.0;19
355500;Raj;Vinnie;COCONUT;SEASHELLS;10089.0;7
355800;Valentina;Rhianna;COCONUT_COUPON;SEASHELLS;664.0;9
356300;Vinnie;Raj;COCONUT;SEASHELLS;10088.0;8
356500;Vinnie;Vinnie;COCONUT_COUPON;SEASHELLS;662.0;2
356900;Valentina;Vinnie;COCONUT_COUPON;SEASHELLS;663.0;14
357200;Valentina;Vinnie;COCONUT_COUPON;SEASHELLS;662.0;11
357600;Vinnie;Vinnie;COCONUT;SEASHELLS;10081.0;7
358100;Raj;Vinnie;COCONUT;SEASHELLS;10081.0;9
358500;Valentina;Rhianna;COCONUT_COUPON;SEASHELLS;668.0;12
358600;Valentina;Rhianna;COCONUT_COUPON;SEASHELLS;666.0;13
358700;Valentina;Vinnie;COCONUT_COUPON;SEASHELLS;667.0;14
358900;Rhianna;Vinnie;COCONUT;SEASHELLS;10084.0;2
359600;Ruby;Valentina;COCONUT_COUPON;SEASHELLS;671.0;16
362900;Ruby;Valentina;COCONUT_COUPON;SEASHELLS;677.0;11
363300;Valentina;Vinnie;COCONUT_COUPON;SEASHELLS;673.0;12
363500;Valentina;Ruby;COCONUT_COUPON;SEASHELLS;672.0;12
364100;Valentina;Ruby;COCONUT_COUPON;SEASHELLS;674.0;17
364100;Vladimir;Ruby;COCONUT_COUPON;SEASHELLS;674.0;1
364300;Vinnie;Vinnie;COCONUT;SEASHELLS;10082.0;10
366200;Valentina;Ruby;COCONUT_COUPON;SEASHELLS;673.0;11
366500;Valentina;Valentina;COCONUT_COUPON;SEASHELLS;674.0;7
366600;Vinnie;Vinnie;COCONUT;SEASHELLS;10081.0;7
366800;Valentina;Valentina;COCONUT_COUPON;SEASHELLS;674.0;6
366900;Vinnie;Vinnie;COCONUT;SEASHELLS;10076.0;5
367900;Valentina;Vinnie;COCONUT_COUPON;SEASHELLS;666.0;11
367900;Vinnie;Vinnie;COCONUT;SEASHELLS;10074.0;10
368200;Valentina;Vinnie;COCONUT_COUPON;SEASHELLS;668.0;12
370700;Vinnie;Raj;COCONUT;SEASHELLS;10077.0;6
370800;Valentina;Vinnie;COCONUT_COUPON;SEASHELLS;671.0;11
371300;Rhianna;Vinnie;COCONUT;SEASHELLS;10075.0;2
371700;Vladimir;Vinnie;COCONUT_COUPON;SEASHELLS;669.0;4
371700;Valentina;Vinnie;COCONUT_COUPON;SEASHELLS;669.0;16
371800;Vinnie;Vinnie;COCONUT;SEASHELLS;10074.0;6
372200;Valentina;Ruby;COCONUT_COUPON;SEASHELLS;669.0;8
372300;Valentina;Vinnie;COCONUT_COUPON;SEASHELLS;669.0;17
372700;Valentina;Vinnie;COCONUT_COUPON;SEASHELLS;667.0;12
373200;Rhianna;Vinnie;COCONUT;SEASHELLS;10072.0;2
373300;Vinnie;Vinnie;COCONUT;SEASHELLS;10071.0;6
373800;Valentina;Vinnie;COCONUT_COUPON;SEASHELLS;667.0;17
373900;Vinnie;Vinnie;COCONUT;SEASHELLS;10073.0;10
374400;Vinnie;Vinnie;COCONUT;SEASHELLS;10071.0;7
375900;Vinnie;Rhianna;COCONUT;SEASHELLS;10072.0;2
377000;Ruby;Valentina;COCONUT_COUPON;SEASHELLS;665.0;19
377400;Valentina;Vinnie;COCONUT_COUPON;SEASHELLS;661.0;15
377400;Vladimir;Vinnie;COCONUT_COUPON;SEASHELLS;661.0;4
379100;Valentina;Vinnie;COCONUT_COUPON;SEASHELLS;659.0;15
379100;Vinnie;Vinnie;COCONUT;SEASHELLS;10078.0;6
379200;Vinnie;Vinnie;COCONUT;SEASHELLS;10077.0;10
379400;Vinnie;Vinnie;COCONUT;SEASHELLS;10076.0;8
379800;Vinnie;Vinnie;COCONUT;SEASHELLS;10073.0;9
381000;Valentina;Vinnie;COCONUT_COUPON;SEASHELLS;658.0;18
381000;Vladimir;Vinnie;COCONUT_COUPON;SEASHELLS;658.0;1
381300;Vinnie;Vinnie;COCONUT;SEASHELLS;10075.0;8
382300;Vinnie;Raj;COCONUT;SEASHELLS;10075.0;8
382900;Valentina;Vinnie;COCONUT_COUPON;SEASHELLS;661.0;13
383000;Valentina;Vinnie;COCONUT_COUPON;SEASHELLS;660.0;19
383400;Ruby;Valentina;COCONUT_COUPON;SEASHELLS;664.0;13
383700;Vinnie;Vinnie;COCONUT;SEASHELLS;10079.0;7
383800;Valentina;Vinnie;COCONUT_COUPON;SEASHELLS;658.0;17
384300;Valentina;Ruby;COCONUT_COUPON;SEASHELLS;661.0;17
384700;Valentina;Vinnie;COCONUT_COUPON;SEASHELLS;657.0;12
385100;Valentina;Vinnie;COCONUT_COUPON;SEASHELLS;658.0;17
386100;Valentina;Valentina;COCONUT_COUPON;SEASHELLS;661.0;7
386100;Vinnie;Vinnie;COCONUT;SEASHELLS;10082.0;8
387100;Valentina;Vinnie;COCONUT_COUPON;SEASHELLS;665.0;12
387700;Valentina;Vinnie;COCONUT_COUPON;SEASHELLS;667.0;17
387700;Vinnie;Rhianna;COCONUT;SEASHELLS;10085.0;1
389600;Valentina;Rhianna;COCONUT_COUPON;SEASHELLS;663.0;6
389800;Vinnie;Vinnie;COCONUT;SEASHELLS;10085.0;7
389900;Vinnie;Vinnie;COCONUT;SEASHELLS;10084.0;5
390600;Vinnie;Vinnie;COCONUT;SEASHELLS;10089.0;6
391300;Raj;Vinnie;COCONUT;SEASHELLS;10092.0;5
392000;Vinnie;Vinnie;COCONUT;SEASHELLS;10092.0;7
392200;Vinnie;Raj;COCONUT;SEASHELLS;10093.0;9
392800;Valentina;Vinnie;COCONUT_COUPON;SEASHELLS;665.0;19
392800;Vinnie;Vinnie;COCONUT;SEASHELLS;10093.0;8
393000;Valentina;Rhianna;COCONUT_COUPON;SEASHELLS;665.0;11
393100;Valentina;Rhianna;COCONUT_COUPON;SEASHELLS;666.0;10
393500;Valentina;Ruby;COCONUT_COUPON;SEASHELLS;670.0;16
394300;Valentina;Vinnie;COCONUT_COUPON;SEASHELLS;672.0;17
396800;Vinnie;Vinnie;COCONUT;SEASHELLS;10105.0;10
398300;Rhianna;Vinnie;COCONUT;SEASHELLS;10100.0;2
399200;Valentina;Rhianna;COCONUT_COUPON;SEASHELLS;661.0;10
401000;Valentina;Valentina;COCONUT_COUPON;SEASHELLS;658.0;9
401300;Valentina;Vinnie;COCONUT_COUPON;SEASHELLS;658.0;16
401500;Valentina;Vinnie;COCONUT_COUPON;SEASHELLS;659.0;12
401900;Vinnie;Vinnie;COCONUT;SEASHELLS;10094.0;5
401900;Valentina;Valentina;COCONUT_COUPON;SEASHELLS;655.0;5
402000;Valentina;Vinnie;COCONUT_COUPON;SEASHELLS;656.0;15
402100;Ruby;Valentina;COCONUT_COUPON;SEASHELLS;658.0;15
402100;Ruby;Vladimir;COCONUT_COUPON;SEASHELLS;658.0;2
402300;Vinnie;Vinnie;COCONUT;SEASHELLS;10096.0;8
402400;Valentina;Vinnie;COCONUT_COUPON;SEASHELLS;660.0;12
402500;Vinnie;Vinnie;COCONUT;SEASHELLS;10098.0;6
403400;Valentina;Ruby;COCONUT_COUPON;SEASHELLS;658.0;13
404400;Valentina;Vinnie;COCONUT_COUPON;SEASHELLS;663.0;15
405200;Valentina;Vinnie;COCONUT_COUPON;SEASHELLS;666.0;13
405500;Vinnie;Vinnie;COCONUT;SEASHELLS;10103.0;7
405700;Vinnie;Vinnie;COCONUT;SEASHELLS;10100.0;5
405800;Vinnie;Vinnie;COCONUT;SEASHELLS;10100.0;8
406400;Ruby;Valentina;COCONUT_COUPON;SEASHELLS;674.0;15
406800;Vinnie;Vinnie;COCONUT;SEASHELLS;10103.0;10
407100;Valentina;Vinnie;COCONUT_COUPON;SEASHELLS;677.0;13
407800;Valentina;Valentina;COCONUT_COUPON;SEASHELLS;677.0;10
410100;Valentina;Ruby;COCONUT_COUPON;SEASHELLS;687.0;16
410500;Valentina;Vinnie;COCONUT_COUPON;SEASHELLS;690.0;15
410800;Vinnie;Vinnie;COCONUT;SEASHELLS;10113.0;10
410900;Raj;Vinnie;COCONUT;SEASHELLS;10115.0;8
412300;Ruby;Valentina;COCONUT_COUPON;SEASHELLS;696.0;10
413100;Ruby;Valentina;COCONUT_COUPON;SEASHELLS;698.0;12
413800;Valentina;Ruby;COCONUT_COUPON;SEASHELLS;699.0;11
414400;Valentina;Vinnie;COCONUT_COUPON;SEASHELLS;703.0;19
414600;Valentina;Vinnie;COCONUT_COUPON;SEASHELLS;702.0;20
415600;Valentina;Vinnie;COCONUT_COUPON;SEASHELLS;703.0;11
417500;Valentina;Ruby;COCONUT_COUPON;SEASHELLS;705.0;10
418200;Vinnie;Vinnie;COCONUT;SEASHELLS;10118.0;8
418300;Valentina;Vinnie;COCONUT_COUPON;SEASHELLS;704.0;10
419500;Vinnie;Ruby;COCONUT_COUPON;SEASHELLS;704.0;2
420000;Vinnie;Vinnie;COCONUT;SEASHELLS;10110.0;10
420600;Vinnie;Vinnie;COCONUT;SEASHELLS;10108.0;8
421500;Ruby;Valentina;COCONUT_COUPON;SEASHELLS;696.0;14
421900;Valentina;Rhianna;COCONUT_COUPON;SEASHELLS;695.0;13
422400;Valentina;Rhianna;COCONUT_COUPON;SEASHELLS;693.0;12
424400;Raj;Vinnie;COCONUT;SEASHELLS;10109.0;10
425300;Valentina;Ruby;COCONUT_COUPON;SEASHELLS;693.0;11
425900;Vinnie;Vinnie;COCONUT;SEASHELLS;10103.0;5
426300;Valentina;Valentina;COCONUT_COUPON;SEASHELLS;693.0;5
426600;Valentina;Vinnie;COCONUT_COUPON;SEASHELLS;696.0;17
426600;Vinnie;Vinnie;COCONUT;SEASHELLS;10105.0;5
427700;Vinnie;Vinnie;COCONUT;SEASHELLS;10107.0;8
427800;Valentina;Vinnie;COCONUT_COUPON;SEASHELLS;693.0;11
428000;Vinnie;Vinnie;COCONUT;SEASHELLS;10103.0;9
428600;Valentina;Valentina;COCONUT_COUPON;SEASHELLS;694.0;4
428800;Valentina;Ruby;COCONUT_COUPON;SEASHELLS;695.0;11
429500;Valentina;Rhianna;COCONUT_COUPON;SEASHELLS;694.0;14
431600;Vinnie;Vinnie;COCONUT;SEASHELLS;10104.0;7
431700;Valentina;Ruby;COCONUT_COUPON;SEASHELLS;693.0;12
432700;Rhianna;Vinnie;COCONUT;SEASHELLS;10104.0;3
432900;Valentina;Vinnie;COCONUT_COUPON;SEASHELLS;697.0;18
433300;Raj;Vinnie;COCONUT;SEASHELLS;10106.0;8
434800;Valentina;Vinnie;COCONUT_COUPON;SEASHELLS;693.0;11
435200;Valentina;Vinnie;COCONUT_COUPON;SEASHELLS;693.0;10
435600;Valentina;Vinnie;COCONUT_COUPON;SEASHELLS;697.0;13
435700;Valentina;Vinnie;COCONUT_COUPON;SEASHELLS;699.0;16
435700;Vladimir;Vinnie;COCONUT_COUPON;SEASHELLS;699.0;2
436000;Vinnie;Vinnie;COCONUT;SEASHELLS;10104.0;9
436400;Rhianna;Vinnie;COCONUT;SEASHELLS;10107.0;1
436500;Valentina;Vinnie;COCONUT_COUPON;SEASHELLS;700.0;15
437100;Valentina;Valentina;COCONUT_COUPON;SEASHELLS;694.0;8
438200;Vinnie;Vinnie;COCONUT;SEASHELLS;10097.0;9
438800;Vinnie;Vinnie;COCONUT;SEASHELLS;10096.0;9
439400;Valentina;Vinnie;COCONUT_COUPON;SEASHELLS;688.0;12
440200;Vinnie;Vinnie;COCONUT;SEASHELLS;10096.0;7
440500;Valentina;Vinnie;COCONUT_COUPON;SEASHELLS;684.0;11
441100;Valentina;Valentina;COCONUT_COUPON;SEASHELLS;683.0;7
441300;Raj;Vinnie;COCONUT;SEASHELLS;10096.0;5
441600;Valentina;Vinnie;COCONUT_COUPON;SEASHELLS;685.0;15
442000;Valentina;Vinnie;COCONUT_COUPON;SEASHELLS;685.0;20
442000;Raj;Vinnie;COCONUT;SEASHELLS;10096.0;7
442100;Valentina;Vinnie;COCONUT_COUPON;SEASHELLS;684.0;16
442900;Valentina;Rhianna;COCONUT_COUPON;SEASHELLS;678.0;10
443400;Vinnie;Raj;COCONUT;SEASHELLS;10093.0;8
443700;Valentina;Vinnie;COCONUT_COUPON;SEASHELLS;675.0;11
443800;Vinnie;Vinnie;COCONUT;SEASHELLS;10094.0;7
444500;Valentina;Ruby;COCONUT_COUPON;SEASHELLS;678.0;19
445000;Valentina;Vinnie;COCONUT_COUPON;SEASHELLS;677.0;11
445500;Valentina;Vinnie;COCONUT_COUPON;SEASHELLS;674.0;11
446800;Valentina;Rhianna;COCONUT_COUPON;SEASHELLS;677.0;8
448300;Valentina;Vinnie;COCONUT_COUPON;SEASHELLS;680.0;10
449100;Vinnie;Rhianna;COCONUT;SEASHELLS;10097.0;2
449600;Valentina;Vinnie;COCONUT_COUPON;SEASHELLS;677.0;16
449600;Vladimir;Vinnie;COCONUT_COUPON;SEASHELLS;677.0;2
449700;Valentina;Ruby;COCONUT_COUPON;SEASHELLS;678.0;12
449900;Vladimir;Vinnie;COCONUT_COUPON;SEASHELLS;676.0;1
449900;Valentina;Vinnie;COCONUT_COUPON;SEASHELLS;676.0;17
450400;Valentina;Vinnie;COCONUT_COUPON;SEASHELLS;675.0;18
451000;Vinnie;Vinnie;COCONUT;SEASHELLS;10091.0;5
451700;Valentina;Vinnie;COCONUT_COUPON;SEASHELLS;672.0;13
451800;Valentina;Vinnie;COCONUT_COUPON;SEASHELLS;673.0;13
453900;Valentina;Rhianna;COCONUT_COUPON;SEASHELLS;675.0;13
454300;Rhianna;Vinnie;COCONUT;SEASHELLS;10093.0;1
456300;Valentina;Rhianna;COCONUT_COUPON;SEASHELLS;668.0;15
456800;Valentina;Vinnie;COCONUT_COUPON;SEASHELLS;663.0;10
457200;Valentina;Valentina;COCONUT_COUPON;SEASHELLS;662.0;8
458500;Valentina;Vinnie;COCONUT_COUPON;SEASHELLS;657.0;20
459100;Valentina;Vinnie;COCONUT_COUPON;SEASHELLS;659.0;16
460200;Raj;Vinnie;COCONUT;SEASHELLS;10078.0;5
461400;Ruby;Valentina;COCONUT_COUPON;SEASHELLS;665.0;12
461600;Valentina;Vinnie;COCONUT_COUPON;SEASHELLS;665.0;16
463700;Valentina;Rhianna;COCONUT_COUPON;SEASHELLS;662.0;8
464600;Rhianna;Vinnie;COCONUT;SEASHELLS;10081.0;3
464800;Ruby;Valentina;COCONUT_COUPON;SEASHELLS;667.0;10
465000;Vinnie;Vinnie;COCONUT;SEASHELLS;10080.0;5
465400;Valentina;Rhianna;COCONUT_COUPON;SEASHELLS;665.0;13
465600;Rhianna;Vinnie;COCONUT;SEASHELLS;10081.0;2
466800;Valentina;Ruby;COCONUT_COUPON;SEASHELLS;662.0;15
467600;Valentina;Vinnie;COCONUT_COUPON;SEASHELLS;660.0;17
467800;Vladimir;Vinnie;COCONUT_COUPON;SEASHELLS;661.0;5
467800;Valentina;Vinnie;COCONUT_COUPON;SEASHELLS;661.0;15
468100;Valentina;Vinnie;COCONUT_COUPON;SEASHELLS;663.0;16
470000;Valentina;Vinnie;COCONUT_COUPON;SEASHELLS;653.0;18
470300;Valentina;Rhianna;COCONUT_COUPON;SEASHELLS;655.0;6
470700;Valentina;Vinnie;COCONUT_COUPON;SEASHELLS;657.0;11
470900;Vinnie;Vinnie;COCONUT;SEASHELLS;10083.0;9
471000;Valentina;Vinnie;COCONUT_COUPON;SEASHELLS;659.0;10
471700;Valentina;Valentina;COCONUT_COUPON;SEASHELLS;663.0;8
472000;Valentina;Vinnie;COCONUT_COUPON;SEASHELLS;663.0;10
472600;Raj;Vinnie;COCONUT;SEASHELLS;10081.0;5
473100;Valentina;Vinnie;COCONUT_COUPON;SEASHELLS;663.0;15
473800;Valentina;Rhianna;COCONUT_COUPON;SEASHELLS;661.0;15
474100;Valentina;Valentina;COCONUT_COUPON;SEASHELLS;659.0;4
474400;Vinnie;Vinnie;COCONUT;SEASHELLS;10081.0;9
475100;Valentina;Valentina;COCONUT_COUPON;SEASHELLS;657.0;5
475100;Raj;Vinnie;COCONUT;SEASHELLS;10077.0;6
475300;Vinnie;Vinnie;COCONUT;SEASHELLS;10075.0;10
475500;Vinnie;Vinnie;COCONUT;SEASHELLS;10075.0;10
476500;Valentina;Ruby;COCONUT_COUPON;SEASHELLS;654.0;15
476700;Vinnie;Rhianna;COCONUT;SEASHELLS;10077.0;1
476900;Vinnie;Raj;COCONUT;SEASHELLS;10078.0;9
477000;Vinnie;Vinnie;COCONUT;SEASHELLS;10077.0;10
477100;Valentina;Vinnie;COCONUT_COUPON;SEASHELLS;653.0;15
477400;Vinnie;Vinnie;COCONUT;SEASHELLS;10076.0;7
477400;Valentina;Valentina;COCONUT_COUPON;SEASHELLS;652.0;4
477700;Valentina;Vinnie;COCONUT_COUPON;SEASHELLS;652.0;10
478200;Valentina;Vinnie;COCONUT_COUPON;SEASHELLS;655.0;12
478600;Vinnie;Vinnie;COCONUT;SEASHELLS;10079.0;5
479000;Valentina;Vinnie;COCONUT_COUPON;SEASHELLS;657.0;17
479400;Vinnie;Vinnie;COCONUT;SEASHELLS;10082.0;6
479700;Raj;Vinnie;COCONUT;SEASHELLS;10084.0;10
480300;Valentina;Vinnie;COCONUT_COUPON;SEASHELLS;659.0;19
480800;Ruby;Valentina;COCONUT_COUPON;SEASHELLS;658.0;18
482900;Vinnie;Vinnie;COCONUT;SEASHELLS;10084.0;8
482900;Ruby;Valentina;COCONUT_COUPON;SEASHELLS;654.0;17
483800;Valentina;Vinnie;COCONUT_COUPON;SEASHELLS;653.0;12
484500;Vinnie;Vinnie;COCONUT;SEASHELLS;10082.0;10
485300;Valentina;Vinnie;COCONUT_COUPON;SEASHELLS;652.0;16
485700;Vinnie;Vinnie;COCONUT;SEASHELLS;10078.0;7
486100;Valentina;Vinnie;COCONUT_COUPON;SEASHELLS;645.0;10
487100;Valentina;Valentina;COCONUT_COUPON;SEASHELLS;646.0;10
488700;Vinnie;Raj;COCONUT;SEASHELLS;10074.0;8
489100;Ruby;Valentina;COCONUT_COUPON;SEASHELLS;653.0;13
489400;Valentina;Vinnie;COCONUT_COUPON;SEASHELLS;652.0;11
489700;Vinnie;Vinnie;COCONUT;SEASHELLS;10079.0;10
489900;Vinnie;Vinnie;COCONUT;SEASHELLS;10079.0;8
490700;Vinnie;Vinnie;COCONUT;SEASHELLS;10083.0;5
490900;Ruby;Valentina;COCONUT_COUPON;SEASHELLS;662.0;17
492200;Valentina;Vinnie;COCONUT_COUPON;SEASHELLS;663.0;19
492900;Valentina;Rhianna;COCONUT_COUPON;SEASHELLS;665.0;14
493600;Vinnie;Vinnie;COCONUT;SEASHELLS;10088.0;5
494700;Ruby;Vladimir;COCONUT_COUPON;SEASHELLS;673.0;2
494700;Ruby;Valentina;COCONUT_COUPON;SEASHELLS;673.0;16
494700;Valentina;Rhianna;COCONUT_COUPON;SEASHELLS;671.0;7
495800;Valentina;Vinnie;COCONUT_COUPON;SEASHELLS;666.0;19
496100;Valentina;Vinnie;COCONUT_COUPON;SEASHELLS;665.0;13
496700;Vinnie;Vinnie;COCONUT;SEASHELLS;10082.0;10
497100;Vinnie;Vinnie;COCONUT;SEASHELLS;10083.0;5
497100;Valentina;Ruby;COCONUT_COUPON;SEASHELLS;662.0;17
497900;Valentina;Valentina;COCONUT_COUPON;SEASHELLS;660.0;8
498000;Valentina;Vinnie;COCONUT_COUPON;SEASHELLS;660.0;10
498600;Valentina;Rhianna;COCONUT_COUPON;SEASHELLS;660.0;14
500500;Valentina;Vinnie;COCONUT_COUPON;SEASHELLS;663.0;15
502300;Valentina;Vinnie;COCONUT_COUPON;SEASHELLS;664.0;20
502600;Valentina;Vinnie;COCONUT_COUPON;SEASHELLS;665.0;14
503300;Raj;Vinnie;COCONUT;SEASHELLS;10082.0;6
504300;Valentina;Vinnie;COCONUT_COUPON;SEASHELLS;668.0;14
504700;Valentina;Ruby;COCONUT_COUPON;SEASHELLS;668.0;15
504700;Vladimir;Ruby;COCONUT_COUPON;SEASHELLS;668.0;3
505500;Valentina;Ruby;COCONUT_COUPON;SEASHELLS;668.0;15
505900;Valentina;Vinnie;COCONUT_COUPON;SEASHELLS;667.0;15
508100;Valentina;Rhianna;COCONUT_COUPON;SEASHELLS;669.0;7
508600;Vinnie;Raj;COCONUT;SEASHELLS;10081.0;7
508800;Vinnie;Raj;COCONUT;SEASHELLS;10078.0;7
508800;Vinnie;Vinnie;COCONUT;SEASHELLS;10078.0;9
509700;Ruby;Valentina;COCONUT_COUPON;SEASHELLS;667.0;18
509700;Ruby;Vladimir;COCONUT_COUPON;SEASHELLS;667.0;2
511100;Valentina;Vinnie;COCONUT_COUPON;SEASHELLS;670.0;20
511400;Valentina;Ruby;COCONUT_COUPON;SEASHELLS;669.0;15
512800;Valentina;Vinnie;COCONUT_COUPON;SEASHELLS;667.0;17
512900;Vinnie;Vinnie;COCONUT;SEASHELLS;10071.0;10
513600;Vinnie;Raj;COCONUT;SEASHELLS;10073.0;9
514400;Valentina;Valentina;COCONUT_COUPON;SEASHELLS;665.0;7
514700;Vinnie;Vinnie;COCONUT;SEASHELLS;10070.0;7
515100;Valentina;Rhianna;COCONUT_COUPON;SEASHELLS;670.0;10
515200;Raj;Vinnie;COCONUT;SEASHELLS;10070.0;5
519300;Valentina;Vinnie;COCONUT_COUPON;SEASHELLS;661.0;17
519300;Vladimir;Vinnie;COCONUT_COUPON;SEASHELLS;661.0;1
519600;Valentina;Valentina;COCONUT_COUPON;SEASHELLS;661.0;7
520900;Vinnie;Rhianna;COCONUT;SEASHELLS;10073.0;1
521200;Valentina;Ruby;COCONUT_COUPON;SEASHELLS;668.0;18
521800;Vinnie;Vinnie;COCONUT;SEASHELLS;10073.0;10
522300;Vinnie;Vinnie;COCONUT;SEASHELLS;10071.0;5
523200;Valentina;Vinnie;COCONUT_COUPON;SEASHELLS;665.0;14
523600;Valentina;Valentina;COCONUT_COUPON;SEASHELLS;663.0;4
523900;Vladimir;Ruby;COCONUT_COUPON;SEASHELLS;665.0;7
523900;Valentina;Vinnie;COCONUT_COUPON;SEASHELLS;665.0;14
523900;Valentina;Ruby;COCONUT_COUPON;SEASHELLS;665.0;6
524700;Vinnie;Vinnie;COCONUT;SEASHELLS;10070.0;7
527100;Vinnie;Vinnie;COCONUT;SEASHELLS;10075.0;9
527300;Valentina;Vinnie;COCONUT_COUPON;SEASHELLS;670.0;19
528200;Vinnie;Vinnie;COCONUT;SEASHELLS;10074.0;7
529100;Valentina;Vinnie;COCONUT_COUPON;SEASHELLS;673.0;10
529500;Ruby;Valentina;COCONUT_COUPON;SEASHELLS;669.0;17
529900;Vinnie;Vinnie;COCONUT;SEASHELLS;10068.0;10
530100;Vinnie;Vinnie;COCONUT;SEASHELLS;10069.0;10
531300;Valentina;Ruby;COCONUT_COUPON;SEASHELLS;662.0;11
531900;Vladimir;Ruby;COCONUT_COUPON;SEASHELLS;660.0;14
531900;Vinnie;Ruby;COCONUT_COUPON;SEASHELLS;660.0;2
532000;Vinnie;Vinnie;COCONUT;SEASHELLS;10078.0;9
532100;Raj;Vinnie;COCONUT;SEASHELLS;10080.0;6
535700;Valentina;Vinnie;COCONUT_COUPON;SEASHELLS;660.0;17
536700;Vinnie;Vinnie;COCONUT;SEASHELLS;10084.0;6
536800;Vinnie;Vinnie;COCONUT;SEASHELLS;10083.0;8
537400;Valentina;Vinnie;COCONUT_COUPON;SEASHELLS;659.0;19
538400;Valentina;Vinnie;COCONUT_COUPON;SEASHELLS;652.0;14
538800;Vladimir;Ruby;COCONUT_COUPON;SEASHELLS;651.0;15
538800;Valentina;Vinnie;COCONUT_COUPON;SEASHELLS;651.0;15
538800;Valentina;Ruby;COCONUT_COUPON;SEASHELLS;651.0;3
541000;Vinnie;Raj;COCONUT;SEASHELLS;10089.0;9
541100;Valentina;Vinnie;COCONUT_COUPON;SEASHELLS;650.0;19
541200;Ruby;Valentina;COCONUT_COUPON;SEASHELLS;651.0;16
541900;Vinnie;Rhianna;COCONUT;SEASHELLS;10085.0;2
542500;Ruby;Valentina;COCONUT_COUPON;SEASHELLS;653.0;18
542900;Vinnie;Rhianna;COCONUT;SEASHELLS;10082.0;2
543100;Raj;Vinnie;COCONUT;SEASHELLS;10082.0;5
543800;Vinnie;Vinnie;COCONUT;SEASHELLS;10081.0;8
544000;Valentina;Ruby;COCONUT_COUPON;SEASHELLS;652.0;18
544300;Valentina;Rhianna;COCONUT_COUPON;SEASHELLS;653.0;11
544400;Valentina;Valentina;COCONUT_COUPON;SEASHELLS;652.0;7
545200;Vinnie;Vinnie;COCONUT;SEASHELLS;10084.0;5
547200;Vinnie;Raj;COCONUT;SEASHELLS;10079.0;8
547900;Valentina;Ruby;COCONUT_COUPON;SEASHELLS;658.0;15
548300;Ruby;Valentina;COCONUT_COUPON;SEASHELLS;658.0;19
548700;Vinnie;Rhianna;COCONUT;SEASHELLS;10080.0;1
549800;Vinnie;Vinnie;COCONUT;SEASHELLS;10079.0;6
550300;Valentina;Vinnie;COCONUT_COUPON;SEASHELLS;664.0;15
550800;Valentina;Valentina;COCONUT_COUPON;SEASHELLS;664.0;8
551900;Valentina;Ruby;COCONUT_COUPON;SEASHELLS;668.0;15
552600;Valentina;Vinnie;COCONUT_COUPON;SEASHELLS;670.0;14
554400;Valentina;Ruby;COCONUT_COUPON;SEASHELLS;670.0;17
554600;Vinnie;Rhianna;COCONUT;SEASHELLS;10080.0;2
555700;Vinnie;Vinnie;COCONUT;SEASHELLS;10079.0;9
556500;Valentina;Vinnie;COCONUT_COUPON;SEASHELLS;667.0;20
556500;Vladimir;Ruby;COCONUT_COUPON;SEASHELLS;667.0;5
556500;Valentina;Ruby;COCONUT_COUPON;SEASHELLS;667.0;9
557500;Ruby;Valentina;COCONUT_COUPON;SEASHELLS;673.0;12
557600;Valentina;Vinnie;COCONUT_COUPON;SEASHELLS;670.0;10
557600;Vinnie;Rhianna;COCONUT;SEASHELLS;10077.0;2
558700;Valentina;Vinnie;COCONUT_COUPON;SEASHELLS;676.0;10
559600;Valentina;Ruby;COCONUT_COUPON;SEASHELLS;672.0;12
559700;Vinnie;Vinnie;COCONUT;SEASHELLS;10073.0;5
560700;Vinnie;Vinnie;COCONUT;SEASHELLS;10077.0;6
560700;Raj;Vinnie;COCONUT;SEASHELLS;10079.0;7
561000;Vinnie;Vinnie;COCONUT;SEASHELLS;10077.0;7
561100;Vinnie;Vinnie;COCONUT;SEASHELLS;10076.0;6
562400;Vinnie;Vinnie;COCONUT;SEASHELLS;10079.0;9
563400;Vinnie;Vinnie;COCONUT;SEASHELLS;10084.0;5
563900;Valentina;Vinnie;COCONUT_COUPON;SEASHELLS;669.0;16
564000;Vinnie;Vinnie;COCONUT;SEASHELLS;10086.0;10
564500;Valentina;Vinnie;COCONUT_COUPON;SEASHELLS;669.0;19
564900;Vinnie;Vinnie;COCONUT;SEASHELLS;10088.0;8
565000;Vinnie;Vinnie;COCONUT;SEASHELLS;10087.0;9
565300;Ruby;Valentina;COCONUT_COUPON;SEASHELLS;670.0;17
567100;Valentina;Rhianna;COCONUT_COUPON;SEASHELLS;667.0;9
567600;Vinnie;Vinnie;COCONUT;SEASHELLS;10087.0;7
568000;Vinnie;Raj;COCONUT;SEASHELLS;10088.0;8
568200;Valentina;Vinnie;COCONUT_COUPON;SEASHELLS;665.0;12
570000;Valentina;Valentina;COCONUT_COUPON;SEASHELLS;664.0;9
570100;Valentina;Vinnie;COCONUT_COUPON;SEASHELLS;664.0;11
570700;Vinnie;Rhianna;COCONUT;SEASHELLS;10086.0;3
571200;Valentina;Rhianna;COCONUT_COUPON;SEASHELLS;667.0;15
572100;Vinnie;Vinnie;COCONUT;SEASHELLS;10080.0;9
573500;Ruby;Valentina;COCONUT_COUPON;SEASHELLS;670.0;14
574000;Vinnie;Raj;COCONUT;SEASHELLS;10081.0;9
575600;Rhianna;Vinnie;COCONUT;SEASHELLS;10076.0;2
576400;Valentina;Ruby;COCONUT_COUPON;SEASHELLS;654.0;10
576600;Vinnie;Raj;COCONUT;SEASHELLS;10072.0;5
576800;Vinnie;Vinnie;COCONUT;SEASHELLS;10070.0;6
577100;Ruby;Valentina;COCONUT_COUPON;SEASHELLS;660.0;17
577200;Valentina;Vinnie;COCONUT_COUPON;SEASHELLS;660.0;17
577200;Vinnie;Vinnie;COCONUT;SEASHELLS;10071.0;10
577700;Ruby;Valentina;COCONUT_COUPON;SEASHELLS;659.0;13
578400;Vinnie;Vinnie;COCONUT;SEASHELLS;10067.0;6
579400;Valentina;Vinnie;COCONUT_COUPON;SEASHELLS;659.0;19
579600;Vinnie;Raj;COCONUT;SEASHELLS;10069.0;9
580400;Vladimir;Vinnie;COCONUT_COUPON;SEASHELLS;658.0;3
580400;Valentina;Vinnie;COCONUT_COUPON;SEASHELLS;658.0;16
580800;Vinnie;Vinnie;COCONUT;SEASHELLS;10061.0;7
581800;Valentina;Ruby;COCONUT_COUPON;SEASHELLS;661.0;14
582300;Valentina;Vinnie;COCONUT_COUPON;SEASHELLS;655.0;18
583500;Valentina;Ruby;COCONUT_COUPON;SEASHELLS;662.0;14
583900;Vinnie;Vinnie;COCONUT;SEASHELLS;10062.0;5
584100;Vinnie;Vinnie;COCONUT;SEASHELLS;10061.0;9
584300;Vinnie;Vinnie;COCONUT;SEASHELLS;10060.0;8
584600;Valentina;Vinnie;COCONUT_COUPON;SEASHELLS;662.0;11
585000;Valentina;Vinnie;COCONUT_COUPON;SEASHELLS;665.0;20
585700;Valentina;Vinnie;COCONUT_COUPON;SEASHELLS;663.0;14
587200;Valentina;Vinnie;COCONUT_COUPON;SEASHELLS;662.0;10
588100;Valentina;Vinnie;COCONUT_COUPON;SEASHELLS;661.0;15
588100;Vladimir;Vinnie;COCONUT_COUPON;SEASHELLS;661.0;4
589100;Valentina;Vinnie;COCONUT_COUPON;SEASHELLS;665.0;17
589800;Valentina;Vinnie;COCONUT_COUPON;SEASHELLS;664.0;15
590400;Valentina;Vinnie;COCONUT_COUPON;SEASHELLS;666.0;17
590400;Vladimir;Vinnie;COCONUT_COUPON;SEASHELLS;666.0;1
590800;Valentina;Valentina;COCONUT_COUPON;SEASHELLS;663.0;4
591300;Rhianna;Ruby;COCONUT_COUPON;SEASHELLS;660.0;14
591600;Valentina;Valentina;COCONUT_COUPON;SEASHELLS;659.0;5
591700;Vinnie;Vinnie;COCONUT;SEASHELLS;10058.0;8
592600;Vinnie;Vinnie;COCONUT;SEASHELLS;10058.0;10
592900;Ruby;Valentina;COCONUT_COUPON;SEASHELLS;663.0;15
593000;Valentina;Ruby;COCONUT_COUPON;SEASHELLS;661.0;15
593000;Valentina;Vinnie;COCONUT_COUPON;SEASHELLS;661.0;14
593000;Vladimir;Ruby;COCONUT_COUPON;SEASHELLS;661.0;2
593700;Vinnie;Vinnie;COCONUT;SEASHELLS;10061.0;9
593800;Valentina;Vinnie;COCONUT_COUPON;SEASHELLS;663.0;17
595100;Ruby;Valentina;COCONUT_COUPON;SEASHELLS;660.0;12
597900;Vinnie;Rhianna;COCONUT;SEASHELLS;10058.0;2
599000;Valentina;Valentina;COCONUT_COUPON;SEASHELLS;657.0;6
599700;Valentina;Valentina;COCONUT_COUPON;SEASHELLS;656.0;4
600800;Vinnie;Vinnie;COCONUT;SEASHELLS;10053.0;5
601000;Valentina;Vinnie;COCONUT_COUPON;SEASHELLS;665.0;18
601100;Valentina;Valentina;COCONUT_COUPON;SEASHELLS;663.0;10
601500;Valentina;Vinnie;COCONUT_COUPON;SEASHELLS;661.0;19
601800;Vinnie;Vinnie;COCONUT;SEASHELLS;10050.0;8
601800;Raj;Vinnie;COCONUT;SEASHELLS;10051.0;7
602500;Valentina;Vinnie;COCONUT_COUPON;SEASHELLS;665.0;13
602500;Ruby;Valentina;COCONUT_COUPON;SEASHELLS;666.0;12
602800;Valentina;Vinnie;COCONUT_COUPON;SEASHELLS;666.0;13
603100;Ruby;Valentina;COCONUT_COUPON;SEASHELLS;671.0;16
604000;Valentina;Ruby;COCONUT_COUPON;SEASHELLS;672.0;11
604000;Vladimir;Ruby;COCONUT_COUPON;SEASHELLS;672.0;3
604000;Valentina;Vinnie;COCONUT_COUPON;SEASHELLS;672.0;14
604600;Vinnie;Vinnie;COCONUT;SEASHELLS;10049.0;7
604900;Vinnie;Rhianna;COCONUT;SEASHELLS;10051.0;3
605300;Valentina;Vinnie;COCONUT_COUPON;SEASHELLS;669.0;19
605700;Vinnie;Vinnie;COCONUT;SEASHELLS;10050.0;7
606000;Valentina;Rhianna;COCONUT_COUPON;SEASHELLS;667.0;10
607200;Rhianna;Vinnie;COCONUT;SEASHELLS;10055.0;2
607600;Ruby;Valentina;COCONUT_COUPON;SEASHELLS;670.0;15
608100;Valentina;Vinnie;COCONUT_COUPON;SEASHELLS;668.0;15
608300;Valentina;Ruby;COCONUT_COUPON;SEASHELLS;664.0;19
608500;Raj;Vinnie;COCONUT;SEASHELLS;10060.0;7
609800;Vinnie;Vinnie;COCONUT;SEASHELLS;10059.0;7
609900;Valentina;Valentina;COCONUT_COUPON;SEASHELLS;670.0;6
610100;Vinnie;Vinnie;COCONUT;SEASHELLS;10060.0;8
610400;Valentina;Vinnie;COCONUT_COUPON;SEASHELLS;671.0;11
610800;Vinnie;Vinnie;COCONUT;SEASHELLS;10060.0;8
611300;Valentina;Vinnie;COCONUT_COUPON;SEASHELLS;665.0;17
611400;Valentina;Valentina;COCONUT_COUPON;SEASHELLS;665.0;4
612500;Valentina;Vinnie;COCONUT_COUPON;SEASHELLS;660.0;20
613800;Vinnie;Rhianna;COCONUT;SEASHELLS;10053.0;3
613900;Vinnie;Vinnie;COCONUT;SEASHELLS;10055.0;6
614000;Raj;Vinnie;COCONUT;SEASHELLS;10056.0;7
614700;Rhianna;Vinnie;COCONUT;SEASHELLS;10056.0;1
615200;Ruby;Valentina;COCONUT_COUPON;SEASHELLS;660.0;12
616600;Valentina;Rhianna;COCONUT_COUPON;SEASHELLS;655.0;12
617500;Raj;Vinnie;COCONUT;SEASHELLS;10050.0;10
617600;Ruby;Valentina;COCONUT_COUPON;SEASHELLS;655.0;19
618800;Ruby;Valentina;COCONUT_COUPON;SEASHELLS;652.0;13
619300;Vinnie;Vinnie;COCONUT;SEASHELLS;10048.0;8
619300;Valentina;Vinnie;COCONUT_COUPON;SEASHELLS;654.0;16
619500;Valentina;Vinnie;COCONUT_COUPON;SEASHELLS;653.0;18
619900;Vinnie;Raj;COCONUT;SEASHELLS;10046.0;5
621300;Valentina;Vinnie;COCONUT_COUPON;SEASHELLS;646.0;13
622000;Vinnie;Vinnie;COCONUT;SEASHELLS;10040.0;6
622100;Valentina;Vinnie;COCONUT_COUPON;SEASHELLS;645.0;12
622300;Vinnie;Vinnie;COCONUT;SEASHELLS;10042.0;8
623000;Vinnie;Vinnie;COCONUT;SEASHELLS;10040.0;5
623000;Vinnie;Raj;COCONUT;SEASHELLS;10040.0;5
623900;Valentina;Vinnie;COCONUT_COUPON;SEASHELLS;646.0;14
624000;Vinnie;Rhianna;COCONUT;SEASHELLS;10038.0;2
624200;Vladimir;Vinnie;COCONUT_COUPON;SEASHELLS;646.0;3
624200;Valentina;Vinnie;COCONUT_COUPON;SEASHELLS;646.0;15
624200;Ruby;Valentina;COCONUT_COUPON;SEASHELLS;647.0;13
625400;Valentina;Vinnie;COCONUT_COUPON;SEASHELLS;643.0;14
625600;Valentina;Vinnie;COCONUT_COUPON;SEASHELLS;643.0;20
626100;Vinnie;Vinnie;COCONUT;SEASHELLS;10036.0;6
626600;Vinnie;Vinnie;COCONUT;SEASHELLS;10036.0;9
626900;Vinnie;Raj;COCONUT;SEASHELLS;10031.0;6
628400;Valentina;Vinnie;COCONUT_COUPON;SEASHELLS;658.0;11
629100;Ruby;Valentina;COCONUT_COUPON;SEASHELLS;660.0;11
629100;Valentina;Vinnie;COCONUT_COUPON;SEASHELLS;659.0;15
629800;Valentina;Vinnie;COCONUT_COUPON;SEASHELLS;657.0;15
630100;Vinnie;Vinnie;COCONUT;SEASHELLS;10044.0;5
631400;Vinnie;Vinnie;COCONUT;SEASHELLS;10040.0;8
632200;Rhianna;Vinnie;COCONUT;SEASHELLS;10036.0;1
633500;Vinnie;Vinnie;COCONUT;SEASHELLS;10035.0;8
633900;Vinnie;Vinnie;COCONUT;SEASHELLS;10036.0;10
634000;Vinnie;Vinnie;COCONUT;SEASHELLS;10036.0;7
634900;Valentina;Vinnie;COCONUT_COUPON;SEASHELLS;651.0;19
635700;Ruby;Valentina;COCONUT_COUPON;SEASHELLS;653.0;12
636000;Vinnie;Rhianna;COCONUT;SEASHELLS;10038.0;1
636100;Raj;Vinnie;COCONUT;SEASHELLS;10040.0;8
637500;Valentina;Rhianna;COCONUT_COUPON;SEASHELLS;654.0;5
637600;Valentina;Vinnie;COCONUT_COUPON;SEASHELLS;654.0;20
638300;Valentina;Rhianna;COCONUT_COUPON;SEASHELLS;655.0;5
638700;Valentina;Valentina;COCONUT_COUPON;SEASHELLS;655.0;6
640300;Vinnie;Rhianna;COCONUT;SEASHELLS;10047.0;2
643400;Valentina;Vinnie;COCONUT_COUPON;SEASHELLS;639.0;12
644100;Valentina;Ruby;COCONUT_COUPON;SEASHELLS;636.0;17
644100;Vinnie;Vinnie;COCONUT;SEASHELLS;10048.0;6
645500;Valentina;Vinnie;COCONUT_COUPON;SEASHELLS;632.0;18
646300;Valentina;Vinnie;COCONUT_COUPON;SEASHELLS;637.0;18
647300;Valentina;Vinnie;COCONUT_COUPON;SEASHELLS;639.0;19
647700;Vinnie;Vinnie;COCONUT;SEASHELLS;10045.0;5
648000;Ruby;Valentina;COCONUT_COUPON;SEASHELLS;641.0;12
648300;Raj;Vinnie;COCONUT;SEASHELLS;10047.0;8
648800;Vinnie;Vinnie;COCONUT;SEASHELLS;10046.0;9
649000;Vinnie;Vinnie;COCONUT;SEASHELLS;10047.0;5
649400;Vinnie;Vinnie;COCONUT;SEASHELLS;10049.0;9
649700;Vinnie;Raj;COCONUT;SEASHELLS;10050.0;6
650000;Valentina;Vinnie;COCONUT_COUPON;SEASHELLS;642.0;12
651200;Vinnie;Vinnie;COCONUT;SEASHELLS;10050.0;7
651200;Ruby;Valentina;COCONUT_COUPON;SEASHELLS;641.0;10
652300;Valentina;Rhianna;COCONUT_COUPON;SEASHELLS;636.0;10
654000;Rhianna;Vinnie;COCONUT;SEASHELLS;10046.0;2
654000;Vinnie;Vinnie;COCONUT;SEASHELLS;10046.0;4
654900;Vinnie;Vinnie;COCONUT;SEASHELLS;10044.0;8
654900;Valentina;Vinnie;COCONUT_COUPON;SEASHELLS;639.0;11
655300;Valentina;Valentina;COCONUT_COUPON;SEASHELLS;640.0;8
656000;Ruby;Valentina;COCONUT_COUPON;SEASHELLS;641.0;16
656700;Valentina;Vinnie;COCONUT_COUPON;SEASHELLS;643.0;15
658100;Rhianna;Vinnie;COCONUT;SEASHELLS;10046.0;3
658600;Valentina;Vinnie;COCONUT_COUPON;SEASHELLS;643.0;12
660200;Valentina;Vinnie;COCONUT_COUPON;SEASHELLS;638.0;17
660500;Valentina;Vinnie;COCONUT_COUPON;SEASHELLS;640.0;18
660600;Ruby;Valentina;COCONUT_COUPON;SEASHELLS;643.0;13
661500;Valentina;Vinnie;COCONUT_COUPON;SEASHELLS;646.0;14
662500;Vinnie;Vinnie;COCONUT;SEASHELLS;10035.0;9
662700;Valentina;Valentina;COCONUT_COUPON;SEASHELLS;646.0;5
664600;Valentina;Rhianna;COCONUT_COUPON;SEASHELLS;641.0;9
664600;Vinnie;Vinnie;COCONUT;SEASHELLS;10031.0;10
664900;Ruby;Vladimir;COCONUT_COUPON;SEASHELLS;639.0;12
665300;Rhianna;Vinnie;COCONUT;SEASHELLS;10031.0;3
666100;Valentina;Vinnie;COCONUT_COUPON;SEASHELLS;634.0;20
666500;Valentina;Ruby;COCONUT_COUPON;SEASHELLS;632.0;18
667100;Valentina;Vinnie;COCONUT_COUPON;SEASHELLS;629.0;17
667400;Valentina;Vinnie;COCONUT_COUPON;SEASHELLS;628.0;17
668800;Vinnie;Raj;COCONUT;SEASHELLS;10032.0;10
668900;Vinnie;Vinnie;COCONUT;SEASHELLS;10032.0;7
669100;Vinnie;Rhianna;COCONUT;SEASHELLS;10033.0;1
671000;Rhianna;Vinnie;COCONUT;SEASHELLS;10024.0;3
673200;Vinnie;Vinnie;COCONUT;SEASHELLS;10020.0;5
674800;Vinnie;Vinnie;COCONUT;SEASHELLS;10019.0;5
675700;Valentina;Vinnie;COCONUT_COUPON;SEASHELLS;641.0;16
676000;Valentina;Valentina;COCONUT_COUPON;SEASHELLS;646.0;10
676200;Rhianna;Vinnie;COCONUT;SEASHELLS;10018.0;2
676500;Valentina;Vinnie;COCONUT_COUPON;SEASHELLS;646.0;16
676500;Vladimir;Vinnie;COCONUT_COUPON;SEASHELLS;646.0;3
677300;Vinnie;Vinnie;COCONUT;SEASHELLS;10020.0;10
677700;Valentina;Valentina;COCONUT_COUPON;SEASHELLS;643.0;10
677800;Vinnie;Vinnie;COCONUT;SEASHELLS;10021.0;8
677900;Ruby;Vladimir;COCONUT_COUPON;SEASHELLS;646.0;1
677900;Ruby;Valentina;COCONUT_COUPON;SEASHELLS;646.0;15
679200;Vinnie;Raj;COCONUT;SEASHELLS;10021.0;8
679500;Valentina;Ruby;COCONUT_COUPON;SEASHELLS;641.0;19
681400;Valentina;Vinnie;COCONUT_COUPON;SEASHELLS;637.0;13
681700;Valentina;Vinnie;COCONUT_COUPON;SEASHELLS;637.0;14
682800;Vinnie;Vinnie;COCONUT;SEASHELLS;10014.0;8
683400;Vinnie;Raj;COCONUT;SEASHELLS;10010.0;6
683500;Vinnie;Vinnie;COCONUT;SEASHELLS;10009.0;5
683600;Valentina;Vinnie;COCONUT_COUPON;SEASHELLS;632.0;20
684600;Valentina;Vinnie;COCONUT_COUPON;SEASHELLS;636.0;16
684900;Vinnie;Raj;COCONUT;SEASHELLS;10009.0;9
685000;Vinnie;Vinnie;COCONUT;SEASHELLS;10010.0;5
686000;Valentina;Ruby;COCONUT_COUPON;SEASHELLS;630.0;17
686300;Vinnie;Vinnie;COCONUT;SEASHELLS;10010.0;9
686400;Valentina;Vinnie;COCONUT_COUPON;SEASHELLS;630.0;11
686600;Rhianna;Vinnie;COCONUT;SEASHELLS;10013.0;1
686700;Ruby;Valentina;COCONUT_COUPON;SEASHELLS;633.0;15
687900;Vinnie;Vinnie;COCONUT;SEASHELLS;10009.0;9
691100;Valentina;Vinnie;COCONUT_COUPON;SEASHELLS;646.0;20
692200;Ruby;Valentina;COCONUT_COUPON;SEASHELLS;649.0;19
692500;Valentina;Valentina;COCONUT_COUPON;SEASHELLS;646.0;6
692700;Valentina;Vinnie;COCONUT_COUPON;SEASHELLS;648.0;14
693200;Valentina;Vinnie;COCONUT_COUPON;SEASHELLS;648.0;13
693600;Valentina;Ruby;COCONUT_COUPON;SEASHELLS;649.0;18
693900;Valentina;Vinnie;COCONUT_COUPON;SEASHELLS;651.0;20
694100;Valentina;Vinnie;COCONUT_COUPON;SEASHELLS;649.0;13
696000;Valentina;Ruby;COCONUT_COUPON;SEASHELLS;650.0;13
696000;Valentina;Valentina;COCONUT_COUPON;SEASHELLS;650.0;6
696900;Vinnie;Vinnie;COCONUT;SEASHELLS;10025.0;9
697100;Valentina;Vinnie;COCONUT_COUPON;SEASHELLS;650.0;13
697400;Valentina;Ruby;COCONUT_COUPON;SEASHELLS;652.0;14
698300;Vinnie;Vinnie;COCONUT_COUPON;SEASHELLS;648.0;2
700700;Valentina;Vinnie;COCONUT_COUPON;SEASHELLS;650.0;11
701000;Ruby;Valentina;COCONUT_COUPON;SEASHELLS;653.0;19
701000;Valentina;Vinnie;COCONUT_COUPON;SEASHELLS;652.0;16
702300;Valentina;Ruby;COCONUT_COUPON;SEASHELLS;647.0;15
702500;Ruby;Valentina;COCONUT_COUPON;SEASHELLS;646.0;19
703600;Valentina;Rhianna;COCONUT_COUPON;SEASHELLS;644.0;5
704000;Raj;Vinnie;COCONUT;SEASHELLS;10026.0;8
704300;Vinnie;Raj;COCONUT;SEASHELLS;10026.0;10
704600;Valentina;Ruby;COCONUT_COUPON;SEASHELLS;651.0;11
704900;Vinnie;Vinnie;COCONUT;SEASHELLS;10027.0;9
705600;Valentina;Ruby;COCONUT_COUPON;SEASHELLS;650.0;17
707000;Valentina;Vinnie;COCONUT_COUPON;SEASHELLS;651.0;16
707000;Vladimir;Vinnie;COCONUT_COUPON;SEASHELLS;651.0;1
707300;Valentina;Ruby;COCONUT_COUPON;SEASHELLS;653.0;20
708400;Vladimir;Rhianna;COCONUT_COUPON;SEASHELLS;654.0;13
709000;Raj;Vinnie;COCONUT;SEASHELLS;10032.0;9
709800;Valentina;Rhianna;COCONUT_COUPON;SEASHELLS;652.0;5
710600;Valentina;Vinnie;COCONUT_COUPON;SEASHELLS;652.0;17
711300;Valentina;Vinnie;COCONUT_COUPON;SEASHELLS;648.0;17
711400;Valentina;Vinnie;COCONUT_COUPON;SEASHELLS;649.0;15
711600;Valentina;Valentina;COCONUT_COUPON;SEASHELLS;651.0;7
712700;Vinnie;Vinnie;COCONUT;SEASHELLS;10023.0;6
713200;Vinnie;Vinnie;COCONUT;SEASHELLS;10022.0;6
713500;Valentina;Vinnie;COCONUT_COUPON;SEASHELLS;646.0;19
714200;Vinnie;Vinnie;COCONUT;SEASHELLS;10022.0;8
715300;Vinnie;Vinnie;COCONUT;SEASHELLS;10019.0;5
716200;Vinnie;Vinnie;COCONUT;SEASHELLS;10017.0;10
716400;Valentina;Rhianna;COCONUT_COUPON;SEASHELLS;638.0;7
716600;Vinnie;Rhianna;COCONUT;SEASHELLS;10019.0;3
717900;Vinnie;Vinnie;COCONUT;SEASHELLS;10021.0;7
718200;Vinnie;Vinnie;COCONUT;SEASHELLS;10025.0;7
718300;Raj;Vinnie;COCONUT;SEASHELLS;10026.0;10
718300;Vinnie;Vinnie;COCONUT;SEASHELLS;10025.0;8
718400;Valentina;Rhianna;COCONUT_COUPON;SEASHELLS;651.0;8
718900;Valentina;Rhianna;COCONUT_COUPON;SEASHELLS;645.0;12
719400;Vinnie;Vinnie;COCONUT;SEASHELLS;10025.0;9
719800;Rhianna;Vinnie;COCONUT;SEASHELLS;10024.0;1
720500;Valentina;Vinnie;COCONUT_COUPON;SEASHELLS;649.0;13
720500;Valentina;Rhianna;COCONUT_COUPON;SEASHELLS;649.0;5
722100;Vinnie;Vinnie;COCONUT;SEASHELLS;10031.0;6
722500;Vinnie;Vinnie;COCONUT;SEASHELLS;10029.0;9
722800;Vladimir;Ruby;COCONUT_COUPON;SEASHELLS;647.0;8
722800;Vladimir;Rhianna;COCONUT_COUPON;SEASHELLS;647.0;5
722900;Rhianna;Vinnie;COCONUT;SEASHELLS;10031.0;1
723200;Valentina;Ruby;COCONUT_COUPON;SEASHELLS;648.0;20
723400;Vinnie;Vinnie;COCONUT;SEASHELLS;10032.0;8
723700;Vinnie;Vinnie;COCONUT;SEASHELLS;10033.0;6
723900;Vinnie;Raj;COCONUT;SEASHELLS;10033.0;9
725000;Valentina;Vinnie;COCONUT_COUPON;SEASHELLS;651.0;10
725100;Valentina;Valentina;COCONUT_COUPON;SEASHELLS;651.0;9
725200;Valentina;Vinnie;COCONUT_COUPON;SEASHELLS;652.0;1
725300;Vinnie;Raj;COCONUT;SEASHELLS;10035.0;8
725500;Ruby;Valentina;COCONUT_COUPON;SEASHELLS;653.0;11
726000;Valentina;Ruby;COCONUT_COUPON;SEASHELLS;650.0;11
726700;Valentina;Ruby;COCONUT_COUPON;SEASHELLS;653.0;15
726800;Valentina;Rhianna;COCONUT_COUPON;SEASHELLS;654.0;11
727400;Valentina;Ruby;COCONUT_COUPON;SEASHELLS;653.0;15
727800;Vinnie;Vinnie;COCONUT;SEASHELLS;10029.0;7
728300;Valentina;Rhianna;COCONUT_COUPON;SEASHELLS;658.0;11
729400;Vinnie;Raj;COCONUT;SEASHELLS;10038.0;5
730800;Valentina;Vinnie;COCONUT_COUPON;SEASHELLS;662.0;10
731400;Valentina;Vinnie;COCONUT_COUPON;SEASHELLS;663.0;16
731600;Vinnie;Raj;COCONUT;SEASHELLS;10040.0;7
732900;Valentina;Ruby;COCONUT_COUPON;SEASHELLS;658.0;19
734100;Valentina;Vinnie;COCONUT_COUPON;SEASHELLS;655.0;12
734900;Valentina;Valentina;COCONUT_COUPON;SEASHELLS;660.0;8
735900;Ruby;Valentina;COCONUT_COUPON;SEASHELLS;660.0;10
736000;Vladimir;Ruby;COCONUT_COUPON;SEASHELLS;658.0;4
736000;Valentina;Ruby;COCONUT_COUPON;SEASHELLS;658.0;16
741000;Ruby;Valentina;COCONUT_COUPON;SEASHELLS;650.0;17
741400;Vinnie;Vinnie;COCONUT;SEASHELLS;10028.0;8
742100;Valentina;Rhianna;COCONUT_COUPON;SEASHELLS;656.0;6
742700;Valentina;Vinnie;COCONUT_COUPON;SEASHELLS;658.0;19
743800;Vinnie;Vinnie;COCONUT;SEASHELLS;10030.0;10
744500;Vinnie;Vinnie;COCONUT;SEASHELLS;10029.0;9
744700;Valentina;Ruby;COCONUT_COUPON;SEASHELLS;659.0;18
746000;Raj;Vinnie;COCONUT;SEASHELLS;10027.0;5
747100;Valentina;Vinnie;COCONUT_COUPON;SEASHELLS;658.0;18
747800;Valentina;Vinnie;COCONUT_COUPON;SEASHELLS;656.0;12
749600;Valentina;Vinnie;COCONUT_COUPON;SEASHELLS;655.0;14
749600;Raj;Vinnie;COCONUT;SEASHELLS;10033.0;10
750200;Valentina;Ruby;COCONUT_COUPON;SEASHELLS;652.0;12
752100;Rhianna;Vinnie;COCONUT;SEASHELLS;10039.0;2
752200;Vinnie;Vinnie;COCONUT;SEASHELLS;10038.0;5
752500;Valentina;Vinnie;COCONUT_COUPON;SEASHELLS;659.0;20
754700;Vinnie;Vinnie;COCONUT;SEASHELLS;10030.0;7
754800;Valentina;Vinnie;COCONUT_COUPON;SEASHELLS;660.0;10
755300;Raj;Vinnie;COCONUT;SEASHELLS;10029.0;7
755400;Valentina;Rhianna;COCONUT_COUPON;SEASHELLS;660.0;5
755400;Ruby;Valentina;COCONUT_COUPON;SEASHELLS;661.0;11
755500;Vinnie;Vinnie;COCONUT;SEASHELLS;10028.0;7
757000;Rhianna;Vinnie;COCONUT;SEASHELLS;10033.0;2
757300;Valentina;Vinnie;COCONUT_COUPON;SEASHELLS;655.0;18
759900;Valentina;Valentina;COCONUT_COUPON;SEASHELLS;663.0;5
759900;Vinnie;Vinnie;COCONUT;SEASHELLS;10035.0;10
761700;Vinnie;Vinnie;COCONUT;SEASHELLS;10034.0;8
761900;Vinnie;Vinnie;COCONUT;SEASHELLS;10034.0;6
762000;Valentina;Vinnie;COCONUT_COUPON;SEASHELLS;662.0;13
762000;Vladimir;Rhianna;COCONUT_COUPON;SEASHELLS;662.0;7
762000;Valentina;Rhianna;COCONUT_COUPON;SEASHELLS;662.0;2
762400;Vinnie;Raj;COCONUT;SEASHELLS;10036.0;10
763500;Vinnie;Vinnie;COCONUT;SEASHELLS;10033.0;6
764500;Valentina;Vinnie;COCONUT_COUPON;SEASHELLS;657.0;11
764700;Valentina;Vinnie;COCONUT_COUPON;SEASHELLS;656.0;16
765000;Valentina;Valentina;COCONUT_COUPON;SEASHELLS;654.0;4
765300;Valentina;Rhianna;COCONUT_COUPON;SEASHELLS;653.0;9
766300;Vinnie;Vinnie;COCONUT;SEASHELLS;10043.0;8
766400;Vinnie;Raj;COCONUT;SEASHELLS;10044.0;8
767000;Valentina;Valentina;COCONUT_COUPON;SEASHELLS;651.0;9
767700;Vinnie;Vinnie;COCONUT;SEASHELLS;10038.0;7
767900;Vinnie;Raj;COCONUT;SEASHELLS;10038.0;8
768900;Ruby;Valentina;COCONUT_COUPON;SEASHELLS;651.0;10
768900;Raj;Vinnie;COCONUT;SEASHELLS;10036.0;5
769700;Valentina;Ruby;COCONUT_COUPON;SEASHELLS;646.0;20
769800;Valentina;Ruby;COCONUT_COUPON;SEASHELLS;646.0;12
769800;Valentina;Rhianna;COCONUT_COUPON;SEASHELLS;646.0;7
769800;Vladimir;Ruby;COCONUT_COUPON;SEASHELLS;646.0;5
770700;Valentina;Vinnie;COCONUT_COUPON;SEASHELLS;642.0;12
770800;Raj;Vinnie;COCONUT;SEASHELLS;10034.0;9
772600;Vinnie;Vinnie;COCONUT;SEASHELLS;10031.0;10
773400;Valentina;Vinnie;COCONUT_COUPON;SEASHELLS;642.0;20
773600;Ruby;Vinnie;COCONUT_COUPON;SEASHELLS;643.0;1
773600;Valentina;Vinnie;COCONUT_COUPON;SEASHELLS;642.0;10
773600;Ruby;Vladimir;COCONUT_COUPON;SEASHELLS;643.0;12
774100;Valentina;Vinnie;COCONUT_COUPON;SEASHELLS;647.0;16
774100;Vladimir;Vinnie;COCONUT_COUPON;SEASHELLS;647.0;1
774200;Rhianna;Vinnie;COCONUT;SEASHELLS;10031.0;2
775100;Valentina;Vinnie;COCONUT_COUPON;SEASHELLS;650.0;15
777500;Valentina;Vinnie;COCONUT_COUPON;SEASHELLS;651.0;12
777600;Vinnie;Vinnie;COCONUT;SEASHELLS;10026.0;8
777800;Vinnie;Vinnie;COCONUT;SEASHELLS;10028.0;10
781400;Valentina;Vinnie;COCONUT_COUPON;SEASHELLS;647.0;18
781700;Valentina;Vinnie;COCONUT_COUPON;SEASHELLS;650.0;20
784700;Valentina;Vinnie;COCONUT_COUPON;SEASHELLS;645.0;16
785500;Valentina;Vinnie;COCONUT_COUPON;SEASHELLS;646.0;15
785800;Valentina;Ruby;COCONUT_COUPON;SEASHELLS;644.0;13
786100;Valentina;Ruby;COCONUT_COUPON;SEASHELLS;645.0;14
787300;Vinnie;Vinnie;COCONUT;SEASHELLS;10026.0;7
787800;Valentina;Vinnie;COCONUT_COUPON;SEASHELLS;648.0;15
789500;Valentina;Vinnie;COCONUT_COUPON;SEASHELLS;641.0;15
789700;Valentina;Rhianna;COCONUT_COUPON;SEASHELLS;639.0;6
791300;Vinnie;Rhianna;COCONUT;SEASHELLS;10018.0;2
791600;Valentina;Vinnie;COCONUT_COUPON;SEASHELLS;637.0;17
791700;Valentina;Rhianna;COCONUT_COUPON;SEASHELLS;638.0;9
791800;Vinnie;Rhianna;COCONUT;SEASHELLS;10016.0;3
791800;Valentina;Valentina;COCONUT_COUPON;SEASHELLS;636.0;8
792000;Valentina;Vinnie;COCONUT_COUPON;SEASHELLS;639.0;11
792500;Valentina;Valentina;COCONUT_COUPON;SEASHELLS;640.0;8
793100;Vinnie;Vinnie;COCONUT;SEASHELLS;10015.0;8
793300;Valentina;Vinnie;COCONUT_COUPON;SEASHELLS;640.0;14
793400;Vinnie;Vinnie;COCONUT;SEASHELLS;10013.0;10
793600;Vladimir;Vinnie;COCONUT_COUPON;SEASHELLS;640.0;2
793600;Valentina;Vinnie;COCONUT_COUPON;SEASHELLS;640.0;15
793700;Valentina;Valentina;COCONUT_COUPON;SEASHELLS;639.0;4
795600;Vinnie;Vinnie;COCONUT;SEASHELLS;10016.0;9
795700;Valentina;Vinnie;COCONUT_COUPON;SEASHELLS;643.0;14
796300;Valentina;Vinnie;COCONUT_COUPON;SEASHELLS;644.0;13
796500;Rhianna;Vinnie;COCONUT;SEASHELLS;10021.0;3
796800;Valentina;Ruby;COCONUT_COUPON;SEASHELLS;648.0;11
797400;Vinnie;Vinnie;COCONUT;SEASHELLS;10019.0;10
798000;Valentina;Vinnie;COCONUT_COUPON;SEASHELLS;641.0;17
798500;Valentina;Vinnie;COCONUT_COUPON;SEASHELLS;638.0;12
798500;Valentina;Valentina;COCONUT_COUPON;SEASHELLS;638.0;4
799100;Valentina;Rhianna;COCONUT_COUPON;SEASHELLS;637.0;7
799400;Valentina;Ruby;COCONUT_COUPON;SEASHELLS;637.0;13
800100;Vladimir;Ruby;COCONUT_COUPON;SEASHELLS;633.0;5
800100;Valentina;Ruby;COCONUT_COUPON;SEASHELLS;633.0;15
800100;Valentina;Vinnie;COCONUT_COUPON;SEASHELLS;633.0;14
802100;Valentina;Vinnie;COCONUT_COUPON;SEASHELLS;639.0;13
804300;Valentina;Vinnie;COCONUT_COUPON;SEASHELLS;638.0;16
805300;Raj;Vinnie;COCONUT;SEASHELLS;10018.0;8
805400;Vinnie;Rhianna;COCONUT;SEASHELLS;10016.0;2
806700;Ruby;Vladimir;COCONUT_COUPON;SEASHELLS;636.0;1
806700;Ruby;Valentina;COCONUT_COUPON;SEASHELLS;636.0;17
807500;Vinnie;Vinnie;COCONUT;SEASHELLS;10014.0;7
808000;Valentina;Vinnie;COCONUT_COUPON;SEASHELLS;637.0;18
808700;Vinnie;Vinnie;COCONUT;SEASHELLS;10021.0;6
808800;Vinnie;Vinnie;COCONUT;SEASHELLS;10021.0;10
809500;Valentina;Vinnie;COCONUT_COUPON;SEASHELLS;638.0;20
809600;Rhianna;Vinnie;COCONUT;SEASHELLS;10024.0;3
810900;Valentina;Vinnie;COCONUT_COUPON;SEASHELLS;640.0;20
812800;Valentina;Vinnie;COCONUT_COUPON;SEASHELLS;643.0;17
813500;Valentina;Vinnie;COCONUT_COUPON;SEASHELLS;639.0;16
814200;Vinnie;Vinnie;COCONUT;SEASHELLS;10021.0;7
815300;Vinnie;Vinnie;COCONUT;SEASHELLS;10020.0;5
817500;Valentina;Valentina;COCONUT_COUPON;SEASHELLS;640.0;6
817900;Valentina;Vinnie;COCONUT_COUPON;SEASHELLS;642.0;13
819800;Ruby;Valentina;COCONUT_COUPON;SEASHELLS;639.0;13
819800;Vinnie;Vinnie;COCONUT;SEASHELLS;10022.0;6
820700;Valentina;Vinnie;COCONUT_COUPON;SEASHELLS;631.0;13
821100;Vinnie;Raj;COCONUT;SEASHELLS;10013.0;6
821900;Valentina;Vinnie;COCONUT_COUPON;SEASHELLS;628.0;17
822200;Vinnie;Vinnie;COCONUT;SEASHELLS;10010.0;6
822200;Valentina;Valentina;COCONUT_COUPON;SEASHELLS;630.0;4
822300;Valentina;Rhianna;COCONUT_COUPON;SEASHELLS;629.0;7
822700;Valentina;Ruby;COCONUT_COUPON;SEASHELLS;630.0;19
823100;Vinnie;Raj;COCONUT;SEASHELLS;10009.0;5
824200;Valentina;Vinnie;COCONUT_COUPON;SEASHELLS;625.0;13
825700;Valentina;Vinnie;COCONUT_COUPON;SEASHELLS;625.0;10
826700;Valentina;Vinnie;COCONUT_COUPON;SEASHELLS;627.0;15
827100;Vinnie;Rhianna;COCONUT;SEASHELLS;10010.0;3
828400;Ruby;Valentina;COCONUT_COUPON;SEASHELLS;629.0;14
828700;Rhianna;Vinnie;COCONUT;SEASHELLS;10007.0;1
829000;Valentina;Vinnie;COCONUT_COUPON;SEASHELLS;628.0;11
830700;Raj;Vinnie;COCONUT;SEASHELLS;10010.0;9
832500;Valentina;Vinnie;COCONUT_COUPON;SEASHELLS;634.0;20
834100;Vinnie;Vinnie;COCONUT;SEASHELLS;10019.0;10
834400;Valentina;Vinnie;COCONUT_COUPON;SEASHELLS;636.0;15
835100;Ruby;Valentina;COCONUT_COUPON;SEASHELLS;635.0;17
835400;Valentina;Vinnie;COCONUT_COUPON;SEASHELLS;635.0;19
835900;Valentina;Rhianna;COCONUT_COUPON;SEASHELLS;638.0;15
838900;Ruby;Valentina;COCONUT_COUPON;SEASHELLS;629.0;14
839500;Vinnie;Vinnie;COCONUT;SEASHELLS;10021.0;7
839900;Valentina;Vinnie;COCONUT_COUPON;SEASHELLS;625.0;13
840300;Vinnie;Vinnie;COCONUT;SEASHELLS;10021.0;8
840400;Raj;Vinnie;COCONUT;SEASHELLS;10024.0;8
841700;Vinnie;Vinnie;COCONUT;SEASHELLS;10026.0;6
842300;Vinnie;Rhianna;COCONUT;SEASHELLS;10027.0;2
842400;Valentina;Vinnie;COCONUT_COUPON;SEASHELLS;634.0;11
844500;Valentina;Vinnie;COCONUT_COUPON;SEASHELLS;627.0;14
845000;Ruby;Valentina;COCONUT_COUPON;SEASHELLS;630.0;13
845100;Valentina;Vinnie;COCONUT_COUPON;SEASHELLS;629.0;17
845100;Vladimir;Vinnie;COCONUT_COUPON;SEASHELLS;629.0;1
845400;Valentina;Vinnie;COCONUT_COUPON;SEASHELLS;629.0;19
845700;Valentina;Ruby;COCONUT_COUPON;SEASHELLS;628.0;12
846300;Vinnie;Rhianna;COCONUT;SEASHELLS;10023.0;2
846300;Vinnie;Raj;COCONUT;SEASHELLS;10023.0;6
847800;Vinnie;Vinnie;COCONUT;SEASHELLS;10024.0;9
848000;Vinnie;Vinnie;COCONUT;SEASHELLS;10025.0;6
849500;Vinnie;Vinnie;COCONUT;SEASHELLS;10025.0;8
850400;Vinnie;Rhianna;COCONUT;SEASHELLS;10027.0;1
851000;Ruby;Valentina;COCONUT_COUPON;SEASHELLS;611.0;14
851400;Valentina;Valentina;COCONUT_COUPON;SEASHELLS;609.0;9
851800;Vinnie;Vinnie;COCONUT;SEASHELLS;10027.0;9
852100;Vinnie;Vinnie;COCONUT;SEASHELLS;10027.0;7
852300;Ruby;Vladimir;COCONUT_COUPON;SEASHELLS;612.0;1
852300;Valentina;Vinnie;COCONUT_COUPON;SEASHELLS;611.0;16
852300;Ruby;Valentina;COCONUT_COUPON;SEASHELLS;612.0;19
852600;Ruby;Valentina;COCONUT_COUPON;SEASHELLS;612.0;12
852800;Vinnie;Raj;COCONUT;SEASHELLS;10028.0;7
853100;Valentina;Vinnie;COCONUT_COUPON;SEASHELLS;613.0;10
853100;Vinnie;Vinnie;COCONUT;SEASHELLS;10026.0;5
853800;Valentina;Vinnie;COCONUT_COUPON;SEASHELLS;611.0;12
854700;Vinnie;Vinnie;COCONUT;SEASHELLS;10028.0;9
855100;Valentina;Vinnie;COCONUT_COUPON;SEASHELLS;620.0;17
855900;Valentina;Rhianna;COCONUT_COUPON;SEASHELLS;620.0;12
857100;Vinnie;Vinnie;COCONUT;SEASHELLS;10025.0;7
857800;Vinnie;Vinnie;COCONUT;SEASHELLS;10025.0;6
857800;Valentina;Rhianna;COCONUT_COUPON;SEASHELLS;627.0;9
857900;Vinnie;Vinnie;COCONUT;SEASHELLS;10025.0;7
858900;Valentina;Vinnie;COCONUT_COUPON;SEASHELLS;626.0;17
859300;Ruby;Valentina;COCONUT_COUPON;SEASHELLS;627.0;16
860000;Valentina;Vinnie;COCONUT_COUPON;SEASHELLS;627.0;16
860500;Vinnie;Vinnie;COCONUT;SEASHELLS;10031.0;7
861100;Ruby;Valentina;COCONUT_COUPON;SEASHELLS;633.0;14
863700;Valentina;Valentina;COCONUT_COUPON;SEASHELLS;634.0;4
865000;Valentina;Vinnie;COCONUT_COUPON;SEASHELLS;635.0;14
865100;Valentina;Vinnie;COCONUT_COUPON;SEASHELLS;634.0;11
865200;Valentina;Vinnie;COCONUT_COUPON;SEASHELLS;635.0;17
865800;Vinnie;Vinnie;COCONUT;SEASHELLS;10041.0;7
867400;Valentina;Vinnie;COCONUT_COUPON;SEASHELLS;633.0;10
869100;Ruby;Valentina;COCONUT_COUPON;SEASHELLS;631.0;18
869500;Valentina;Vinnie;COCONUT_COUPON;SEASHELLS;630.0;12
869600;Valentina;Ruby;COCONUT_COUPON;SEASHELLS;632.0;10
870200;Valentina;Vinnie;COCONUT_COUPON;SEASHELLS;626.0;13
870500;Valentina;Vinnie;COCONUT_COUPON;SEASHELLS;623.0;15
870900;Vinnie;Vinnie;COCONUT;SEASHELLS;10031.0;7
872500;Vladimir;Ruby;COCONUT_COUPON;SEASHELLS;624.0;2
872500;Valentina;Ruby;COCONUT_COUPON;SEASHELLS;624.0;16
873100;Valentina;Valentina;COCONUT_COUPON;SEASHELLS;624.0;8
873300;Ruby;Valentina;COCONUT_COUPON;SEASHELLS;622.0;13
873400;Vinnie;Vinnie;COCONUT;SEASHELLS;10036.0;9
873800;Ruby;Valentina;COCONUT_COUPON;SEASHELLS;622.0;14
874500;Vinnie;Vinnie;COCONUT;SEASHELLS;10033.0;6
877400;Vinnie;Vinnie;COCONUT;SEASHELLS;10035.0;7
877900;Valentina;Vinnie;COCONUT_COUPON;SEASHELLS;612.0;19
880200;Vladimir;Vinnie;COCONUT_COUPON;SEASHELLS;609.0;2
880200;Valentina;Vinnie;COCONUT_COUPON;SEASHELLS;609.0;17
881100;Vinnie;Raj;COCONUT;SEASHELLS;10032.0;8
882200;Valentina;Rhianna;COCONUT_COUPON;SEASHELLS;611.0;15
882700;Valentina;Vinnie;COCONUT_COUPON;SEASHELLS;612.0;11
883300;Valentina;Vinnie;COCONUT_COUPON;SEASHELLS;615.0;14
883500;Vinnie;Vinnie;COCONUT;SEASHELLS;10038.0;6
883900;Ruby;Valentina;COCONUT_COUPON;SEASHELLS;618.0;12
884300;Ruby;Valentina;COCONUT_COUPON;SEASHELLS;621.0;12
884400;Vinnie;Vinnie;COCONUT;SEASHELLS;10043.0;6
885400;Raj;Vinnie;COCONUT;SEASHELLS;10043.0;9
885500;Valentina;Valentina;COCONUT_COUPON;SEASHELLS;624.0;6
886300;Vinnie;Vinnie;COCONUT_COUPON;SEASHELLS;624.0;1
886300;Vladimir;Vinnie;COCONUT_COUPON;SEASHELLS;624.0;12
888500;Rhianna;Vinnie;COCONUT;SEASHELLS;10032.0;3
888500;Ruby;Valentina;COCONUT_COUPON;SEASHELLS;622.0;12
888500;Vinnie;Vinnie;COCONUT;SEASHELLS;10031.0;10
889900;Valentina;Vinnie;COCONUT_COUPON;SEASHELLS;622.0;15
890100;Valentina;Valentina;COCONUT_COUPON;SEASHELLS;622.0;7
890800;Valentina;Ruby;COCONUT_COUPON;SEASHELLS;618.0;20
891000;Valentina;Ruby;COCONUT_COUPON;SEASHELLS;619.0;10
891300;Valentina;Vinnie;COCONUT_COUPON;SEASHELLS;622.0;12
892200;Vinnie;Vinnie;COCONUT;SEASHELLS;10023.0;8
893000;Valentina;Vinnie;COCONUT_COUPON;SEASHELLS;625.0;11
893400;Vinnie;Vinnie;COCONUT;SEASHELLS;10025.0;8
894400;Vinnie;Vinnie;COCONUT;SEASHELLS;10028.0;6
894700;Raj;Vinnie;COCONUT;SEASHELLS;10032.0;10
895300;Valentina;Ruby;COCONUT_COUPON;SEASHELLS;633.0;12
898100;Valentina;Valentina;COCONUT_COUPON;SEASHELLS;642.0;7
898500;Vinnie;Vinnie;COCONUT;SEASHELLS;10032.0;7
899000;Vinnie;Vinnie;COCONUT;SEASHELLS;10033.0;8
899600;Ruby;Valentina;COCONUT_COUPON;SEASHELLS;638.0;17
899600;Ruby;Vladimir;COCONUT_COUPON;SEASHELLS;638.0;3
900600;Valentina;Valentina;COCONUT_COUPON;SEASHELLS;634.0;10
901600;Valentina;Vinnie;COCONUT_COUPON;SEASHELLS;635.0;20
903300;Valentina;Vinnie;COCONUT_COUPON;SEASHELLS;641.0;17
904500;Valentina;Vinnie;COCONUT_COUPON;SEASHELLS;644.0;19
905000;Raj;Vinnie;COCONUT;SEASHELLS;10039.0;5
906900;Vinnie;Vinnie;COCONUT;SEASHELLS;10033.0;10
906900;Valentina;Vinnie;COCONUT_COUPON;SEASHELLS;642.0;16
907300;Raj;Vinnie;COCONUT;SEASHELLS;10034.0;8
908800;Vinnie;Raj;COCONUT;SEASHELLS;10034.0;10
909900;Rhianna;Vinnie;COCONUT;SEASHELLS;10034.0;3
910100;Valentina;Valentina;COCONUT_COUPON;SEASHELLS;647.0;6
911300;Vinnie;Vinnie;COCONUT;SEASHELLS;10032.0;8
912000;Valentina;Ruby;COCONUT_COUPON;SEASHELLS;653.0;17
912900;Vinnie;Vinnie;COCONUT;SEASHELLS;10024.0;9
913100;Valentina;Vinnie;COCONUT_COUPON;SEASHELLS;650.0;11
913800;Vladimir;Vinnie;COCONUT_COUPON;SEASHELLS;653.0;4
913800;Valentina;Vinnie;COCONUT_COUPON;SEASHELLS;653.0;16
914300;Ruby;Valentina;COCONUT_COUPON;SEASHELLS;652.0;14
915500;Valentina;Vinnie;COCONUT_COUPON;SEASHELLS;650.0;18
916900;Valentina;Ruby;COCONUT_COUPON;SEASHELLS;649.0;14
917500;Valentina;Rhianna;COCONUT_COUPON;SEASHELLS;645.0;8
917500;Valentina;Vinnie;COCONUT_COUPON;SEASHELLS;645.0;19
917500;Vladimir;Rhianna;COCONUT_COUPON;SEASHELLS;645.0;3
919600;Valentina;Ruby;COCONUT_COUPON;SEASHELLS;648.0;17
920200;Ruby;Valentina;COCONUT_COUPON;SEASHELLS;650.0;10
921400;Vinnie;Vinnie;COCONUT;SEASHELLS;10028.0;9
921600;Vinnie;Vinnie;COCONUT;SEASHELLS;10028.0;7
921800;Ruby;Valentina;COCONUT_COUPON;SEASHELLS;657.0;20
921900;Vinnie;Raj;COCONUT;SEASHELLS;10026.0;7
922400;Valentina;Rhianna;COCONUT_COUPON;SEASHELLS;653.0;7
922500;Valentina;Rhianna;COCONUT_COUPON;SEASHELLS;652.0;12
922800;Vinnie;Vinnie;COCONUT;SEASHELLS;10023.0;6
922800;Valentina;Ruby;COCONUT_COUPON;SEASHELLS;648.0;15
924200;Valentina;Vinnie;COCONUT_COUPON;SEASHELLS;648.0;18
924400;Ruby;Valentina;COCONUT_COUPON;SEASHELLS;650.0;13
925200;Vinnie;Vinnie;COCONUT;SEASHELLS;10030.0;9
926600;Vladimir;Vinnie;COCONUT_COUPON;SEASHELLS;658.0;1
926600;Valentina;Vinnie;COCONUT_COUPON;SEASHELLS;658.0;16
927100;Vinnie;Vinnie;COCONUT;SEASHELLS;10033.0;5
927200;Raj;Vinnie;COCONUT;SEASHELLS;10035.0;10
927300;Valentina;Valentina;COCONUT_COUPON;SEASHELLS;656.0;6
927700;Ruby;Valentina;COCONUT_COUPON;SEASHELLS;660.0;16
928100;Vinnie;Vinnie;COCONUT_COUPON;SEASHELLS;659.0;2
928200;Vinnie;Vinnie;COCONUT;SEASHELLS;10033.0;7
928300;Ruby;Valentina;COCONUT_COUPON;SEASHELLS;657.0;13
929400;Vinnie;Vinnie;COCONUT;SEASHELLS;10036.0;10
931600;Vinnie;Vinnie;COCONUT;SEASHELLS;10035.0;10
931700;Valentina;Vinnie;COCONUT_COUPON;SEASHELLS;653.0;15
931800;Vinnie;Vinnie;COCONUT;SEASHELLS;10035.0;6
932700;Valentina;Vinnie;COCONUT_COUPON;SEASHELLS;658.0;15
933300;Valentina;Ruby;COCONUT_COUPON;SEASHELLS;663.0;20
933600;Valentina;Vinnie;COCONUT_COUPON;SEASHELLS;662.0;10
934000;Valentina;Rhianna;COCONUT_COUPON;SEASHELLS;660.0;8
934200;Ruby;Valentina;COCONUT_COUPON;SEASHELLS;658.0;18
934300;Valentina;Vinnie;COCONUT_COUPON;SEASHELLS;656.0;12
934900;Vinnie;Vinnie;COCONUT;SEASHELLS;10033.0;5
934900;Ruby;Valentina;COCONUT_COUPON;SEASHELLS;657.0;18
936100;Valentina;Vinnie;COCONUT_COUPON;SEASHELLS;648.0;15
936600;Vladimir;Ruby;COCONUT_COUPON;SEASHELLS;649.0;14
937200;Vinnie;Vinnie;COCONUT;SEASHELLS;10024.0;7
937300;Valentina;Ruby;COCONUT_COUPON;SEASHELLS;646.0;16
937800;Vinnie;Vinnie;COCONUT;SEASHELLS;10020.0;10
937900;Valentina;Vinnie;COCONUT_COUPON;SEASHELLS;647.0;17
938300;Vinnie;Vinnie;COCONUT;SEASHELLS;10021.0;10
938600;Raj;Vinnie;COCONUT;SEASHELLS;10024.0;10
939000;Valentina;Vinnie;COCONUT_COUPON;SEASHELLS;650.0;13
939600;Vinnie;Raj;COCONUT;SEASHELLS;10019.0;9
940800;Valentina;Vinnie;COCONUT_COUPON;SEASHELLS;654.0;19
942300;Valentina;Ruby;COCONUT_COUPON;SEASHELLS;654.0;13
942600;Valentina;Vinnie;COCONUT_COUPON;SEASHELLS;656.0;11
943800;Valentina;Vinnie;COCONUT_COUPON;SEASHELLS;661.0;11
944500;Vinnie;Vinnie;COCONUT;SEASHELLS;10024.0;7
944900;Raj;Vinnie;COCONUT;SEASHELLS;10027.0;8
946100;Vinnie;Vinnie;COCONUT;SEASHELLS;10028.0;10
946300;Valentina;Vinnie;COCONUT_COUPON;SEASHELLS;671.0;20
946800;Vinnie;Rhianna;COCONUT;SEASHELLS;10028.0;2
946900;Vinnie;Raj;COCONUT;SEASHELLS;10026.0;6
947000;Valentina;Vinnie;COCONUT_COUPON;SEASHELLS;669.0;18
947300;Valentina;Ruby;COCONUT_COUPON;SEASHELLS;670.0;17
947800;Rhianna;Vinnie;COCONUT;SEASHELLS;10024.0;1
947900;Rhianna;Vinnie;COCONUT;SEASHELLS;10026.0;2
948600;Vinnie;Vinnie;COCONUT;SEASHELLS;10025.0;6
949000;Vinnie;Vinnie;COCONUT;SEASHELLS;10027.0;10
949600;Valentina;Ruby;COCONUT_COUPON;SEASHELLS;670.0;13
949900;Valentina;Vinnie;COCONUT_COUPON;SEASHELLS;669.0;11
951000;Valentina;Vinnie;COCONUT_COUPON;SEASHELLS;671.0;14
952100;Vinnie;Vinnie;COCONUT;SEASHELLS;10019.0;9
952400;Valentina;Vinnie;COCONUT_COUPON;SEASHELLS;664.0;15
952400;Vladimir;Vinnie;COCONUT_COUPON;SEASHELLS;664.0;2
953800;Vinnie;Vinnie;COCONUT;SEASHELLS;10009.0;7
954500;Valentina;Vinnie;COCONUT_COUPON;SEASHELLS;660.0;16
955500;Valentina;Valentina;COCONUT_COUPON;SEASHELLS;669.0;8
956600;Vinnie;Raj;COCONUT;SEASHELLS;10012.0;7
958900;Vinnie;Vinnie;COCONUT;SEASHELLS;10003.0;5
959400;Vinnie;Vinnie;COCONUT;SEASHELLS;10003.0;7
959500;Valentina;Vinnie;COCONUT_COUPON;SEASHELLS;665.0;12
959900;Valentina;Vinnie;COCONUT_COUPON;SEASHELLS;664.0;16
960600;Valentina;Rhianna;COCONUT_COUPON;SEASHELLS;659.0;9
960700;Ruby;Valentina;COCONUT_COUPON;SEASHELLS;659.0;15
960700;Valentina;Vinnie;COCONUT_COUPON;SEASHELLS;658.0;15
960700;Ruby;Vladimir;COCONUT_COUPON;SEASHELLS;659.0;2
961000;Vinnie;Vinnie;COCONUT;SEASHELLS;10001.0;7
961600;Valentina;Vinnie;COCONUT_COUPON;SEASHELLS;655.0;12
962300;Vinnie;Rhianna;COCONUT;SEASHELLS;10002.0;3
962400;Valentina;Vladimir;COCONUT_COUPON;SEASHELLS;659.0;7
963500;Valentina;Vinnie;COCONUT_COUPON;SEASHELLS;655.0;17
963600;Valentina;Valentina;COCONUT_COUPON;SEASHELLS;654.0;4
965100;Vinnie;Vinnie;COCONUT;SEASHELLS;9991.0;8
965400;Valentina;Vinnie;COCONUT_COUPON;SEASHELLS;650.0;14
965400;Vinnie;Vinnie;COCONUT;SEASHELLS;9988.0;8
966200;Vinnie;Rhianna;COCONUT;SEASHELLS;9984.0;3
966200;Vinnie;Vinnie;COCONUT;SEASHELLS;9984.0;10
966400;Valentina;Rhianna;COCONUT_COUPON;SEASHELLS;645.0;8
967300;Ruby;Valentina;COCONUT_COUPON;SEASHELLS;649.0;11
969100;Rhianna;Vinnie;COCONUT;SEASHELLS;9988.0;1
970200;Valentina;Vinnie;COCONUT_COUPON;SEASHELLS;646.0;2
971500;Valentina;Valentina;COCONUT_COUPON;SEASHELLS;651.0;10
971600;Vinnie;Rhianna;COCONUT_COUPON;SEASHELLS;651.0;1
971600;Valentina;Rhianna;COCONUT_COUPON;SEASHELLS;651.0;0
971600;Vladimir;Vinnie;COCONUT_COUPON;SEASHELLS;651.0;2
971600;Vladimir;Rhianna;COCONUT_COUPON;SEASHELLS;651.0;12
971600;Valentina;Vinnie;COCONUT_COUPON;SEASHELLS;651.0;17
971700;Vinnie;Vinnie;COCONUT;SEASHELLS;9988.0;10
971900;Vinnie;Vinnie;COCONUT;SEASHELLS;9989.0;7
972700;Vinnie;Vinnie;COCONUT;SEASHELLS;9986.0;6
972800;Valentina;Rhianna;COCONUT_COUPON;SEASHELLS;647.0;11
973000;Valentina;Vinnie;COCONUT_COUPON;SEASHELLS;650.0;18
973700;Valentina;Vinnie;COCONUT_COUPON;SEASHELLS;650.0;17
973800;Valentina;Vinnie;COCONUT_COUPON;SEASHELLS;650.0;13
974300;Valentina;Rhianna;COCONUT_COUPON;SEASHELLS;651.0;15
974500;Valentina;Vinnie;COCONUT_COUPON;SEASHELLS;650.0;10
974800;Vladimir;Vinnie;COCONUT_COUPON;SEASHELLS;648.0;4
974800;Valentina;Vinnie;COCONUT_COUPON;SEASHELLS;648.0;16
975500;Valentina;Vinnie;COCONUT_COUPON;SEASHELLS;645.0;18
976100;Valentina;Vinnie;COCONUT_COUPON;SEASHELLS;645.0;16
976500;Vinnie;Vinnie;COCONUT;SEASHELLS;9984.0;9
976800;Raj;Vinnie;COCONUT;SEASHELLS;9984.0;6
977000;Valentina;Vinnie;COCONUT_COUPON;SEASHELLS;641.0;17
977000;Vladimir;Vinnie;COCONUT_COUPON;SEASHELLS;641.0;3
977100;Vinnie;Vinnie;COCONUT;SEASHELLS;9983.0;7
977100;Valentina;Rhianna;COCONUT_COUPON;SEASHELLS;643.0;12
977900;Ruby;Valentina;COCONUT_COUPON;SEASHELLS;636.0;10
978800;Valentina;Vinnie;COCONUT_COUPON;SEASHELLS;628.0;15
980400;Valentina;Valentina;COCONUT_COUPON;SEASHELLS;620.0;5
981100;Valentina;Vinnie;COCONUT_COUPON;SEASHELLS;617.0;20
981200;Valentina;Valentina;COCONUT_COUPON;SEASHELLS;617.0;9
981400;Valentina;Vinnie;COCONUT_COUPON;SEASHELLS;619.0;18
981500;Raj;Vinnie;COCONUT;SEASHELLS;9973.0;6
982300;Vinnie;Vinnie;COCONUT;SEASHELLS;9971.0;7
982700;Vinnie;Raj;COCONUT;SEASHELLS;9974.0;8
982900;Rhianna;Vinnie;COCONUT;SEASHELLS;9975.0;2
983600;Vinnie;Vinnie;COCONUT;SEASHELLS;9978.0;6
984800;Valentina;Vinnie;COCONUT_COUPON;SEASHELLS;629.0;11
984900;Vinnie;Vinnie;COCONUT;SEASHELLS;9975.0;5
985400;Valentina;Valentina;COCONUT_COUPON;SEASHELLS;636.0;9
986700;Raj;Vinnie;COCONUT;SEASHELLS;9981.0;8
986700;Valentina;Vinnie;COCONUT_COUPON;SEASHELLS;639.0;15
986700;Vladimir;Vinnie;COCONUT_COUPON;SEASHELLS;639.0;3
987700;Valentina;Ruby;COCONUT_COUPON;SEASHELLS;639.0;17
987900;Ruby;Valentina;COCONUT_COUPON;SEASHELLS;640.0;18
988200;Ruby;Valentina;COCONUT_COUPON;SEASHELLS;642.0;15
989200;Vinnie;Rhianna;COCONUT;SEASHELLS;9978.0;3
991300;Vinnie;Raj;COCONUT;SEASHELLS;9977.0;5
992700;Valentina;Vinnie;COCONUT_COUPON;SEASHELLS;627.0;15
992800;Valentina;Valentina;COCONUT_COUPON;SEASHELLS;626.0;7
992900;Vinnie;Vinnie;COCONUT;SEASHELLS;9979.0;9
993200;Vinnie;Vinnie;COCONUT;SEASHELLS;9977.0;6
993600;Valentina;Valentina;COCONUT_COUPON;SEASHELLS;621.0;6
994100;Valentina;Vinnie;COCONUT_COUPON;SEASHELLS;621.0;17
994600;Valentina;Vinnie;COCONUT_COUPON;SEASHELLS;618.0;11
994900;Vinnie;Vinnie;COCONUT;SEASHELLS;9983.0;5
994900;Valentina;Valentina;COCONUT_COUPON;SEASHELLS;621.0;6
995200;Valentina;Rhianna;COCONUT_COUPON;SEASHELLS;616.0;8
995300;Valentina;Valentina;COCONUT_COUPON;SEASHELLS;618.0;6
995400;Valentina;Rhianna;COCONUT_COUPON;SEASHELLS;618.0;14
995800;Vinnie;Vinnie;COCONUT;SEASHELLS;9983.0;8
996300;Vinnie;Vinnie;COCONUT;SEASHELLS;9983.0;6
997100;Valentina;Vinnie;COCONUT_COUPON;SEASHELLS;622.0;20
997200;Valentina;Vinnie;COCONUT_COUPON;SEASHELLS;622.0;18
997800;Valentina;Vinnie;COCONUT_COUPON;SEASHELLS;620.0;13
998000;Vinnie;Rhianna;COCONUT;SEASHELLS;9990.0;2
998400;Valentina;Vinnie;COCONUT_COUPON;SEASHELLS;618.0;11
998800;Vinnie;Raj;COCONUT;SEASHELLS;9985.0;5
999500;Valentina;Rhianna;COCONUT_COUPON;SEASHELLS;622.0;15
